No,ID Ciri Pengujian,Ciri 1,Ciri 2,Ciri 3,Ciri 4,Ciri 5,Ciri 6,Ciri 7,Kelas Terklasifikasi
1,625,0.0007752348506367586,2.133888262004688e-09,8.00390223998433e-13,1.982532313942676e-12,-2.4936863415611943e-24,-9.074632869324559e-17,1.3542401859574542e-25,sedih,
2,626,0.0007534092349231051,6.910843340185447e-10,4.908978523867853e-13,1.402682626161544e-12,-4.076266858719311e-25,-3.148923865683296e-17,1.0902395993402815e-24,sedih,
3,629,0.0006730605462377634,1.0614700914699508e-10,7.566869960606758e-14,6.651097564300096e-14,3.8207578936253594e-27,-6.370851033077942e-19,-2.7686552592893707e-27,bahagia,
4,630,0.0007740091387009591,2.491782472795757e-09,1.7211582137422858e-12,4.416605361054904e-13,1.3231311905276485e-25,-1.3348342111867161e-17,-3.6162771603076634e-25,sedih,
5,631,0.0007132476829309893,1.8190174025340037e-09,1.1403867522527275e-12,5.976892105339592e-13,-4.798850025369239e-25,-2.548897057001485e-17,-1.1488629355012557e-25,bahagia,
6,635,0.0008104731427933914,3.806389559568539e-09,1.0337633957945122e-11,1.1098336734204013e-12,-2.8197252464658764e-24,-6.527998624085761e-17,2.4861342783390583e-24,sedih,
7,636,0.0009046895690673832,6.733898322933822e-08,2.7404521048412564e-11,1.1217713514244345e-11,-1.9093329301687193e-22,-2.9027801680659467e-15,-4.721040977846831e-23,bahagia,
8,639,0.0009036440880781106,4.1981306958209584e-10,7.048539116978347e-12,1.4958428912043188e-11,6.081367466507834e-23,-2.2836607341303813e-16,-1.4104353480079828e-22,bahagia,
9,640,0.0007308133957099193,4.3274560814188454e-11,2.274355196216261e-12,1.1294388244023892e-13,5.722955925423432e-26,2.541719752421991e-19,1.2454292196071003e-27,bahagia,
10,643,0.0008402137701685652,7.953940121000768e-09,3.2822959743660236e-11,3.4222791754123594e-13,1.3805530191727598e-25,-1.3573965771277241e-17,-1.1386576641623268e-24,bahagia,
11,644,0.0009592950218446467,1.462042134626825e-07,1.6454559172914747e-11,7.470712307223783e-14,6.363282401451583e-26,2.586300080435068e-17,5.302475533091708e-26,bahagia,
12,647,0.0009231411244297629,1.9014928828163058e-09,4.2189197534741577e-11,5.063880155445102e-12,5.0584802389318305e-23,-1.7008266659813786e-16,5.403285851720853e-23,bahagia,
13,648,0.000917757359334484,6.73503933608152e-08,3.0849594252548357e-12,7.810550896091575e-13,1.1000078627762295e-24,-7.76627610570835e-17,-5.098090485094555e-25,bahagia,
14,651,0.0010575368355295472,1.1885259909052215e-07,3.3788439095876756e-12,1.0367701947343897e-11,2.0401376713797e-23,-2.331584033838246e-15,-5.787247214590536e-23,sedih,
15,652,0.0009799593802337333,1.6201420410717162e-07,1.2017880224459556e-10,1.2612219274447364e-11,3.4338134530683676e-22,-3.649416239849454e-15,-3.509873758874427e-22,bahagia,
16,653,0.0010738343290369397,2.493952607278309e-09,7.393765142580113e-12,1.820049341905859e-11,1.426783717126886e-22,-2.860978032489791e-17,-1.5562880066222214e-22,sedih,
17,654,0.001108004993553756,3.4740171511345893e-09,5.7511857501993344e-11,9.488113016186522e-11,2.0242095526296637e-21,-9.061031512965946e-16,-6.710211606789683e-21,bahagia,
18,659,0.0007144578337863851,2.2825320108191007e-09,4.360232143644108e-12,2.6650846482882994e-13,1.8517388621381255e-25,-1.0786903893940271e-17,2.1965082098911533e-25,sedih,
19,660,0.0007967299432393871,1.210054295513113e-07,1.7231898497873824e-12,3.4812505781699204e-12,-6.024607701185958e-24,1.152755676280173e-15,6.033644604060015e-24,bahagia,
20,663,0.000858114798248552,9.22656157482558e-08,3.2051320221789335e-11,7.985688691605138e-12,9.642522224213018e-23,7.127134308361406e-16,-8.381253026385352e-23,bahagia,
21,664,0.000893887702309913,1.3424565096835218e-07,4.2911538402164e-12,1.949671348004817e-11,1.1933015690694025e-22,2.7579022684525686e-15,-1.3252395157151358e-22,bahagia,
22,665,0.0012436343667449991,2.182177703968765e-07,2.371757333380708e-11,1.2538297713081904e-10,2.3673979627547694e-21,-4.6011000379593204e-14,-6.4145067837561e-21,bahagia,
23,669,0.0007560930044680184,1.4675653586830906e-09,2.75184621770326e-12,1.211159228812949e-12,-3.3957435233594644e-25,-1.1411855932810239e-17,-2.1848976284311997e-24,bahagia,
24,670,0.0007417470105919941,2.8589714589922166e-08,1.3641313373060123e-11,1.1373645881579682e-12,-4.259043911751083e-24,-8.133675344025653e-17,1.3895722316119034e-24,bahagia,
25,671,0.0007485147565369376,3.8593124649797216e-08,1.3171140117722025e-11,5.902399104507955e-13,-6.237872014954908e-25,1.135726129629923e-16,1.5229137641267418e-24,bahagia,
26,675,0.0016184231468702663,2.2303803407171357e-08,2.577318822539544e-09,2.1008336871554165e-10,1.542001469890566e-19,2.7431283585568887e-14,-1.0922571837751326e-20,sedih,
27,676,0.0007418372902892995,3.1629015576970827e-09,6.572594018905931e-12,2.6543103725791023e-13,1.1205198969776252e-25,1.0889526824484779e-17,3.321982572434452e-25,bahagia,
28,677,0.0008822046922247359,7.3328365371262906e-09,3.254469278071142e-11,1.936255586864319e-12,1.5365883873470615e-23,1.5447294078270472e-16,3.7102593102788847e-25,sedih,
29,678,0.0008172068441069924,5.129451791237382e-08,2.5594853379645847e-11,2.3557794235610006e-13,1.8352939716630812e-25,5.1905816949849036e-17,5.485804615720835e-25,bahagia,
30,683,0.000725252314708378,6.071213469055348e-11,8.76295244174941e-15,4.1960022901358613e-13,-4.8105845658289784e-27,-3.262830892412658e-18,2.4984710943148275e-26,sedih,
31,684,0.0006821654305259569,6.000957853151291e-09,2.7640394310368106e-12,2.076116372156073e-13,3.429031987208335e-26,-7.80384012367297e-18,1.5348764222210606e-25,sedih,
32,685,0.0006907450767664448,2.087168588249344e-09,5.366275225560735e-12,3.0041797478360527e-13,-2.4233876720262115e-25,1.3542590817791238e-17,2.945637425623316e-25,bahagia,
33,686,0.0007229896740662668,8.242512719039262e-09,1.0073328608619074e-11,2.6153639850673003e-13,1.073319983445791e-25,2.0867398424351837e-17,-4.1071390697109195e-25,bahagia,
34,687,0.000726383343553098,5.247667239435893e-10,4.339135961012213e-13,6.239360124580852e-14,1.837835858767443e-27,-5.164292498067968e-19,1.0100405276006179e-26,bahagia,
35,688,0.0009290356263007167,9.392378196227692e-10,2.4837772542755614e-10,5.117861582785165e-13,5.53978923632606e-24,1.436575367019716e-17,1.6142107919980994e-24,bahagia,
36,689,0.0007063407864579711,2.2494054977533838e-08,1.5559548954594368e-12,2.1880808063585124e-13,-1.381986841141071e-26,-1.608607367991738e-17,1.2692120112038822e-25,bahagia,
37,697,0.0007089090697173376,2.1804641645030443e-09,3.569224871155188e-12,2.7622141354034503e-13,-1.235153345692694e-25,-1.0061982646500281e-17,-2.4487986138336635e-25,bahagia,
38,698,0.0007157611195502475,1.874197062194942e-09,1.9501332083884574e-11,9.657239868036702e-14,-8.119046750696363e-26,4.114494429875056e-18,-1.0474781217414796e-25,bahagia,
39,699,0.00071485757455807,7.643081804419216e-11,5.601170473939502e-13,1.9385365653981015e-13,1.2470890604191767e-26,7.487385270995766e-19,6.264869118095324e-26,bahagia,
40,700,0.000689907765019827,7.352964868045915e-11,1.6228970065079757e-12,2.7613371329796684e-13,6.865923518637927e-26,-2.249878019764235e-18,1.7162822072036617e-25,bahagia,
41,701,0.0007616716771826557,4.825370530446895e-08,5.624334584793171e-12,6.606446594959707e-12,3.950546355982684e-24,1.2571512105210886e-16,4.0076298220303774e-23,bahagia,
42,702,0.0008409704341844719,1.1955527877133558e-08,2.605951285110289e-11,5.051022485418091e-13,-2.476443368297342e-25,5.493772394212827e-17,1.8157241096629096e-24,sedih,
43,709,0.0008014486392909175,4.9992936662353575e-09,1.1609673798680658e-11,1.4852282371658402e-12,-6.153201846434829e-24,-9.645408953060763e-17,-4.177617581854515e-25,sedih,
44,710,0.0008181085213609825,8.392126815216139e-09,1.63621590213177e-11,5.405887828616606e-12,-2.5925602685084943e-23,-3.31742209916641e-16,-4.3735008151903466e-23,bahagia,
45,711,0.0032417356829831344,8.937063805064343e-07,1.5811883100973833e-08,9.758337277619461e-09,1.1605310025859017e-16,6.246750443525691e-12,3.499568374782124e-17,sedih,
46,712,0.0007187570518759293,3.9343935361249873e-10,1.8387244190365405e-12,1.0234137404684116e-13,-2.693921465270534e-26,1.4040156234048353e-18,3.5287461894358044e-26,sedih,
47,717,0.0009680393922254914,4.3735809093014254e-08,1.7109682418711097e-11,2.960915601326762e-11,3.105567216316014e-22,-3.2830128400865305e-15,5.896564009280428e-22,bahagia,
48,718,0.0009293980792378425,1.360082093507567e-07,3.6620152092280976e-11,6.2358045426078915e-12,9.372953876729246e-23,-2.1811519520561703e-15,-9.719048956034604e-24,bahagia,
49,719,0.0011035973397133555,1.5543232732494535e-07,2.326043906023301e-10,5.501054366139851e-11,4.206089960874352e-21,-1.9244697551500108e-14,4.5859157699906546e-21,bahagia,
50,720,0.0010852326196523405,3.4429034244518786e-08,4.095262691535603e-11,6.853969003132868e-11,3.608939389600048e-21,7.394609232734582e-15,-4.0175584203938126e-22,sedih,
51,721,0.0009083219303133111,5.8058318624869266e-08,6.090004929092714e-11,5.339614558735927e-12,1.1650484804403864e-23,-1.2024901425395816e-15,9.558090810661337e-23,sedih,
52,722,0.0009389328323858406,2.8977772849997905e-07,5.6556929095010464e-11,3.5350533383223103e-12,3.86245084193083e-23,1.2420555807519102e-15,-3.1727196767515946e-23,bahagia,
53,729,0.0007193618634138976,4.260073474752049e-09,1.3200327654012101e-11,5.960599673016161e-14,9.590371037492858e-30,3.504693978147791e-18,5.287218767481167e-26,bahagia,
54,730,0.0007078032021256323,1.1793401482722815e-09,9.527283357109287e-13,6.276496162895729e-13,-2.8108787276254083e-25,-1.6602213558775966e-17,3.9567675902570896e-25,bahagia,
55,731,0.0007615828843336742,1.574167162060366e-09,2.6151078348999685e-11,2.2932718597513546e-12,9.435427953917037e-24,-7.525773037106272e-17,1.5045555262949933e-23,bahagia,
56,732,0.0007022464709491342,8.497413404642465e-09,1.3583761286889509e-11,1.5508565365717703e-14,-6.976563138653437e-27,-1.2970120294550135e-18,-1.412692946970288e-27,bahagia,
57,733,0.0007413583578888141,2.016992394283317e-09,1.3255863883015646e-11,2.59599315006912e-14,-2.684552584786918e-28,-5.895659527165004e-19,1.5226210867918604e-26,sedih,
58,739,0.00498207315351459,4.286298173511918e-06,4.958971453516361e-09,2.967342131326289e-09,9.665849100398431e-18,4.934760544292917e-12,6.0115208691838206e-18,marah,
59,740,0.0007406472118727228,6.760890158830917e-10,1.3929344872663556e-12,5.425876975692472e-13,-3.2715648836480184e-25,1.4108152776066865e-17,-3.398146749153999e-25,sedih,
60,741,0.0016525696953318732,1.0017160664271944e-06,9.015987038973095e-11,7.020860337572232e-12,1.451705953573606e-22,-4.257182464366061e-15,-1.0063613173635774e-22,sedih,
61,742,0.000810888225862304,9.579768245654283e-09,6.4938516008497e-12,2.143360061967394e-12,-2.7767896232437854e-24,-1.0740746364123004e-16,-7.498777699767631e-24,bahagia,
62,743,0.0008786841679962486,1.0173705275031834e-08,5.306558103327523e-12,5.830991023989947e-13,-4.6042782451057525e-25,-3.78767728521202e-17,9.165506472043164e-25,sedih,
63,744,0.0006785415711988633,4.20190861173534e-13,8.110063733837645e-13,1.6570971299575833e-15,-2.6114709984419494e-29,3.4541400216063644e-22,-5.484867422555597e-29,sedih,
64,751,0.0008391990585459213,3.2065233320939845e-08,5.397833811327043e-11,3.994498673792142e-12,-4.142755074712918e-23,6.57624709660273e-16,-4.152273540519428e-23,bahagia,
65,752,0.0011312152441054232,1.963057196028101e-08,2.603749241031586e-10,4.3123643079202884e-11,-2.6431739722551926e-21,4.759877293070475e-15,3.7275128549452564e-21,bahagia,
66,753,0.0009895794149152814,3.9866003449200424e-08,1.3594606383312977e-11,3.0643490979321586e-11,-6.169138867972476e-22,5.919244521915377e-15,-1.0296359773094983e-22,sedih,
67,754,0.0012349162327305986,3.363216706641681e-08,6.272454112039533e-10,2.855656142198428e-11,-3.603861488963517e-21,2.9594838074809398e-15,1.2723942930279147e-21,sedih,
68,759,0.0009018765294583258,8.824979410274659e-10,3.231069907379822e-11,6.077000175113152e-13,2.601799832671597e-24,-1.5476975873788962e-17,-6.9419596968498925e-25,bahagia,
69,760,0.0009776407571332809,1.898305188635211e-07,2.4049840673503756e-11,1.5175757997171532e-12,-7.57552516662175e-24,-6.385701796905512e-16,5.163950542777775e-24,bahagia,
70,763,0.000984043829893364,1.689377419046304e-08,2.1240743062207493e-11,2.6038750279805594e-11,3.875279876478586e-23,-9.859008848023577e-16,-6.111441937245905e-22,sedih,
71,764,0.0008113283934929234,4.8391798665528475e-09,9.109496944344867e-12,5.150120931900003e-13,-1.1121881666373092e-24,-2.1317215757112104e-17,8.601916260676505e-26,sedih,
72,767,0.0008671676122849168,8.249718753617882e-08,6.673498424995426e-11,5.166766132836775e-12,-9.382407166021706e-23,1.4808542376852958e-15,-2.0043719874780406e-23,sedih,
73,768,0.0007551503437089946,2.1694191115908645e-09,4.657643102820073e-12,3.3457222614598444e-14,1.19784653147894e-26,3.749743230891077e-19,5.5634761309911396e-27,bahagia,
74,769,0.0007065902823882844,6.095608113935161e-10,1.08262746999785e-12,2.9664358258313033e-13,-1.1348546529153204e-25,-5.148032132464789e-18,-1.2402344232465732e-25,bahagia,
75,773,0.0012768752419476948,8.665453420081277e-07,4.402922049336555e-11,1.6085199575070063e-11,2.6090716872253493e-22,6.903377577225799e-15,3.3936334633330695e-22,sedih,
76,774,0.0009900883915694735,7.63632411084775e-08,2.510002949406567e-11,1.12823082737175e-11,-1.5658901140524776e-22,2.820577642363223e-15,-1.073629256074795e-22,bahagia,
77,775,0.0012428707305433,5.248196203023326e-07,2.793075154430846e-10,6.886911247524734e-11,-1.3608646327717344e-21,-2.984728659980431e-14,9.454200857632527e-21,sedih,
78,779,0.0012283891092229322,1.1732592164649426e-07,1.809516481685181e-10,2.6911470524987048e-11,-2.379523146222887e-22,9.108313665971285e-15,1.8628284865307444e-21,bahagia,
79,780,0.001626652529647107,5.181157861900033e-07,3.0371896837469254e-10,1.0933698871119092e-10,-1.5082081974265607e-20,-7.869756282827924e-14,-1.301979345101554e-20,sedih,
80,781,0.0009681311784599403,2.0748186878909134e-07,3.2157534723826603e-12,9.494441204192165e-13,-1.315437954413557e-24,4.2477065287554786e-16,-1.0108870374755883e-24,sedih,
81,785,0.0024009224956194437,1.875293403062775e-07,6.080782810555147e-10,6.325032558126263e-10,3.7548870981461794e-19,2.7372936480203695e-13,1.1347265876389187e-19,bahagia,
82,786,0.0012449207628246464,9.81527027412318e-08,3.5685971710698993e-12,2.5781438282237247e-11,-7.2256045544792e-23,-7.508266997747894e-15,2.3649995939626655e-22,bahagia,
83,787,0.00084049646714671,1.2077418677226506e-08,1.7377385489174744e-11,6.327274853725408e-12,-6.079881715345954e-23,2.884812707496312e-16,-2.6558364241212043e-23,bahagia,
84,791,0.0007745740356616085,3.976746587916125e-08,4.077731311553032e-11,3.87645338154234e-13,-1.1496980078003565e-24,-6.520397696392212e-17,1.0264090114605822e-24,bahagia,
85,792,0.001231365846351056,2.382467940769138e-09,8.491335569605006e-12,3.063200865373341e-12,-1.492192179301611e-23,-1.4614515902571229e-16,4.625961916697388e-24,bahagia,
86,795,0.0011181087625203548,6.564128406224059e-08,3.651301860281773e-10,1.561367956075814e-11,-7.732288040383382e-22,2.2685537915730717e-15,-8.899174760389063e-22,bahagia,
87,796,0.0008388741059518886,3.1608342992442674e-08,1.3456924512247569e-11,1.615787935317065e-11,-2.2804884690728144e-22,-2.784490649246238e-15,-6.900079561590626e-23,sedih,
88,799,0.0008266565119812302,9.756132345811994e-09,3.4839303916305336e-12,9.818788912513518e-14,-2.441042582869993e-27,3.1628885752222343e-18,5.737582269243725e-26,bahagia,
89,800,0.0008128831278551142,8.944474938621386e-10,1.1848231675294134e-10,4.595649351221246e-12,-1.0311380712735656e-22,-1.277560715270376e-16,-2.9452438818716314e-23,bahagia,
90,801,0.0007269633280162653,3.782182479469305e-09,2.3442679476901932e-11,7.91359749684114e-14,1.0673828926289427e-25,-1.8317177750290414e-18,1.499591276013393e-26,bahagia,
91,802,0.0008244921990971224,1.5597635038378224e-08,2.295030989148406e-12,2.136680001432719e-12,-3.456378193806624e-24,-2.485312512041443e-16,-3.2312571091840402e-24,bahagia,
92,807,0.0010528173284981917,4.4760678703263533e-08,5.772907673200894e-11,6.127911883293606e-12,1.0895893602361664e-22,5.856846381877818e-16,-3.757726158992007e-23,bahagia,
93,808,0.0011203345139575373,2.2351549488888748e-09,4.8271641269168196e-12,4.4453473239642647e-13,-6.400717144683006e-25,-2.0943235805811697e-17,1.1979349537136494e-25,sedih,
94,809,0.0008875327410657676,3.031015153811254e-09,2.2970165198345478e-11,1.2386086449832389e-11,-1.8177907002463656e-22,-6.629119003461831e-16,-1.029785405492376e-22,sedih,
95,813,0.0007698870897866346,5.247903479942821e-08,1.4998066260723056e-11,1.3964675941032604e-13,1.8908898190645932e-25,-2.6393720784034033e-17,7.133945647732735e-26,bahagia,
96,814,0.000796309426513827,7.787822010380491e-08,4.3143735971206385e-13,1.0846234913812416e-12,6.810284092841654e-25,2.8683637351368543e-16,-2.944436577699531e-25,sedih,
97,815,0.0007730710986220056,2.7090002428288803e-08,1.2689404729398945e-11,1.2901187995676904e-12,1.126726449260327e-25,-1.692102149490579e-16,-5.218719861095816e-24,bahagia,
98,819,0.0007919695852014541,1.7048161791628778e-07,1.1939469267746785e-12,1.760557659200744e-12,1.741998414352999e-24,6.896875568997236e-16,-1.8656800304157702e-24,sedih,
99,820,0.0007119899773533447,1.992307615663974e-09,1.4049018766925332e-11,1.04224536638337e-13,-1.2607327159433615e-25,-8.213672730962108e-19,-3.368179475478525e-27,bahagia,
100,821,0.0007922255954590385,1.1494653828703379e-07,1.401996916779135e-12,1.2710126217084927e-13,3.7950448758597694e-26,3.0930638116602835e-18,-3.79271015808318e-26,bahagia,
101,822,0.000810940513018648,6.826679531176812e-09,1.4254292105013229e-11,4.3522670665924e-13,9.830691337543227e-25,-1.132239175678517e-17,4.568613190873751e-25,sedih,
102,827,0.0007175402164823823,1.7933364721636196e-09,4.253433375786587e-12,5.396426112728932e-14,-1.248161645234396e-26,1.5549517600472297e-18,-2.2641619967757763e-26,bahagia,
103,828,0.0007164033329774596,1.9709321076013188e-08,7.165129722140104e-12,1.7535209693075657e-13,1.4118090082853057e-25,1.575843013981747e-17,1.3675094554891943e-25,sedih,
104,829,0.0007496138335885128,9.87124239569827e-10,4.942431217070381e-11,4.380556350648459e-13,6.469748713748888e-25,1.3397457971198746e-17,1.9328776897055568e-24,bahagia,
105,833,0.0009381586164036492,2.7141949715307902e-08,3.2926291257970124e-11,4.056761594651579e-12,-7.301742007028558e-24,-5.906440195804354e-16,4.6313667336551705e-23,bahagia,
106,834,0.0007093927384044828,1.4745359190517462e-09,4.471757705940072e-12,3.2997471403740557e-14,-1.2370240733483543e-26,-8.234867761118562e-19,2.764373862931188e-27,bahagia,
107,837,0.0007795066119548884,8.773765489541619e-09,1.862749485888371e-11,2.684967179637546e-12,-1.8632238193457807e-23,1.3897589972945773e-17,3.6598627166224084e-24,bahagia,
108,838,0.0009912704200169408,2.3127202380972663e-09,9.39459473607154e-11,1.789578507602727e-11,4.1073112907550695e-22,-3.0358455325393755e-16,-6.080553115817712e-22,sedih,
109,841,0.0009686827235132552,1.655878312995996e-09,3.968187147277672e-11,7.186151554216763e-12,9.74370014089332e-23,4.79080053732476e-17,7.233194964391211e-23,sedih,
110,842,0.0018277874483708183,2.119000765215826e-08,1.2085456090194303e-10,2.4761849233124753e-10,4.0824191474239816e-20,3.152872915885664e-14,-1.2972464584438903e-20,sedih,
111,845,0.00087254357261006,1.1011310897353127e-07,1.9618065670886503e-11,1.5217505759565186e-12,-7.21578506448654e-24,-3.9346651305470307e-16,4.131057700955377e-24,bahagia,
112,846,0.000811812807174604,9.482742307487851e-08,5.6833044093998096e-11,7.173891364192894e-13,1.0663465766558571e-24,9.769648646371665e-17,-4.4548619579677434e-24,bahagia,
113,849,0.0008266289882480156,1.0626640900068818e-07,2.709992162467091e-11,1.5578921082630144e-11,3.057957576113039e-22,2.1139508733049874e-15,9.46311007755052e-23,sedih,
114,850,0.0007287935677262034,1.0855952155248931e-07,1.132521033419517e-12,3.954983334447956e-13,2.614663443680095e-25,1.0789703174698324e-16,4.11944516467676e-26,sedih,
115,851,0.000678568142229221,2.780563947722715e-10,1.2257276435252014e-13,2.474935735506371e-15,-3.553206460147743e-29,-6.666859489294491e-21,2.4405813594587156e-29,sedih,
116,855,0.0007476861459464088,4.4943185155151615e-12,6.771017152903408e-14,3.382720617983215e-13,-3.9196398439023705e-26,1.550259083642664e-19,3.29325605106515e-26,bahagia,
117,856,0.0007790614474631591,1.8482479593979475e-09,2.935920264172662e-11,3.0044613364283604e-13,7.970969988511983e-25,7.880320024282373e-18,-4.0109425586371664e-25,sedih,
118,857,0.0006856460749208473,9.349216912182827e-11,1.6594907640546111e-12,3.2976129299770814e-15,2.405883967183381e-28,9.42655532906913e-21,-4.0311539263881565e-29,sedih,
119,861,0.0009128795331068747,8.79786024591186e-09,2.249304239451492e-11,1.9921881073452932e-11,-4.0149180890075696e-22,-1.7677384575790108e-15,1.2902841913394522e-22,sedih,
120,862,0.0009547752499596705,2.2136181618424074e-08,1.1617646194151302e-10,2.3312826341552834e-11,-1.1123180342057084e-21,-2.9528191717554903e-15,-4.844915454948134e-22,sedih,
121,865,0.000902405966603534,5.027194228574539e-09,4.172590157413937e-12,7.8047022553671e-12,-4.3697008152244435e-23,-4.906076394385465e-16,8.617760227638164e-24,sedih,
122,866,0.0008360868468602038,1.7278708153546114e-08,6.182263770434681e-13,1.4156626822902398e-12,-9.45054557677412e-25,8.927374719476793e-17,-9.278259275728664e-25,bahagia,
123,869,0.0009538654442501839,9.951890443670241e-09,1.3834717907150195e-11,1.6587219192451121e-12,6.303522822985243e-24,1.902663752670691e-17,4.83773032489614e-24,sedih,
124,870,0.0011455345608748998,5.178091749213024e-08,4.622394745219047e-10,2.5440759852198984e-11,-2.2141629516164846e-21,-3.919510766532492e-15,1.6458295297789387e-21,bahagia,
125,873,0.0008542680579761178,3.097332179303269e-09,6.220239873750069e-12,2.905791040342324e-13,2.543561319511595e-25,2.065781669095763e-18,2.9651143478099086e-25,bahagia,
126,874,0.0008360757181088855,4.5069175694303415e-09,8.584089965776924e-12,1.686792594982629e-12,-2.497474549640512e-24,1.2092344191405468e-17,5.9127762502128186e-24,bahagia,
127,875,0.000990352264624407,4.238997204566141e-08,4.086263560188539e-11,2.078833434640528e-11,-5.795296362359945e-22,-4.162282527314306e-15,-1.7676624362370632e-22,bahagia,
128,879,0.0012477800974350114,6.128537790529588e-08,1.185962404920673e-10,3.121626016526094e-11,7.879656754495686e-22,-6.83366763078519e-15,1.7281984487422856e-21,bahagia,
129,880,0.0009691659699094911,2.7707803552776543e-08,1.2032273045051222e-11,9.1776345463279e-12,-8.815699425663169e-23,-1.2299334178155572e-15,-3.9109656946382625e-23,sedih,
130,883,0.0008548935696334686,9.895328611998171e-09,2.7768329765438863e-12,1.7403046029571143e-12,-3.520769413541472e-24,-1.630314297285237e-16,-1.4967596215642302e-24,bahagia,
131,884,0.000972408378197107,1.6438350964491116e-07,6.023420933742191e-11,3.2889387634188025e-11,1.3448104840578921e-21,1.188198420433022e-14,5.782971115720765e-22,bahagia,
132,887,0.0008549301801444554,3.39773325558334e-08,5.1917555808974475e-11,2.0033149903837776e-11,2.26319425327762e-22,-3.394882484648906e-15,6.051352440932813e-22,bahagia,
133,888,0.0007596631073801397,1.320021923287585e-08,1.0049969600417447e-11,4.442779020653793e-12,2.2089118005753665e-23,1.398743684997019e-16,1.9833840926081286e-23,bahagia,
134,891,0.0008033070918541019,8.044271107137786e-08,1.3501494307671937e-11,1.6968076894470325e-13,-2.1591412016018657e-25,4.499080672886794e-17,-1.3907174472244236e-25,bahagia,
135,892,0.0008487754180419029,1.0452947913216733e-07,5.462222587318075e-11,2.2724450971235162e-12,-2.4360566882023637e-23,7.332967166938306e-16,6.895674563047699e-24,bahagia,
136,895,0.0007121397591162754,8.067088928648215e-09,1.1643862178801422e-11,1.415524135577994e-12,8.285266378079773e-26,-8.69589960224009e-17,5.7461810569342046e-24,bahagia,
137,896,0.0007102677062766174,1.7718872412732145e-09,7.8946057650135e-13,2.760478817055001e-13,9.193966374642762e-26,-2.749093779037929e-18,9.029846145565563e-26,bahagia,
138,897,0.0006814432844364186,9.0139653048048e-09,4.6543589709377426e-11,1.268743376437729e-13,1.7552448415753835e-25,-9.468316334498982e-18,-2.5347096191194597e-25,sedih,
139,898,0.0006911342044168335,7.261543956269122e-11,1.1628672139079915e-12,8.51745895370217e-14,2.4945664306139076e-26,-6.968063471864384e-19,-9.811689961066834e-27,bahagia,
140,899,0.0007207262507134752,3.162092456428904e-08,1.1245636618266164e-11,1.4354771430846673e-13,-1.2268371470193697e-25,-1.360134966391813e-17,1.3495401088766708e-25,sedih,
141,905,0.0008012539810589847,7.852930232968744e-08,6.292147686427421e-12,1.1106622899088612e-12,1.1081284977478152e-24,-2.2391638018624144e-16,-2.718970388678264e-24,sedih,
142,906,0.0007184055111961321,4.689418519677603e-08,2.2124967890667325e-12,5.779151012753131e-13,-2.6002363560617207e-25,-8.819217593997834e-17,-5.995280032467167e-25,sedih,
143,907,0.0007367314642975197,1.1135115499431641e-08,2.4339841684596066e-12,1.5976247364337167e-12,-2.0543306296591362e-24,2.8810095484705132e-18,2.3885120686546845e-24,bahagia,
144,908,0.0007137125654848829,2.5278956994411007e-09,7.904255105374143e-13,1.220653931099943e-13,-9.51132415290539e-27,-5.574364817765175e-18,-3.6703358460636874e-26,bahagia,
145,909,0.000794130229632655,5.652553855173972e-09,1.611899549773057e-11,2.6755736926576987e-12,-7.34807030783816e-24,-1.9920650678024028e-16,1.5960667127962178e-23,sedih,
146,910,0.0007475026838108038,1.585070053884252e-11,1.352991315403099e-11,4.403589348673516e-13,-5.767334295433359e-25,6.044816792139487e-19,-9.070466070623733e-25,bahagia,
147,911,0.000779439760533521,4.278332132613208e-08,1.023414020182839e-11,5.601036645346088e-13,-5.606017298979976e-25,-6.186768091274348e-17,-1.2181965202580494e-24,sedih,
148,919,0.0007474534253618333,3.56881334196213e-08,5.7343811489526154e-11,1.118003307803478e-12,6.907656858096269e-24,2.077173091188186e-16,-5.69368880120895e-24,sedih,
149,920,0.0007869529427346107,4.071963429912677e-09,5.5453563990435975e-12,5.2866542466148614e-12,2.3560851973077166e-23,-1.1778879187795197e-16,1.6255503788026657e-23,bahagia,
150,921,0.0008002929472043579,2.1758037772638137e-08,4.091356575138175e-11,1.6714245956718312e-12,-1.3110031727902612e-23,-2.129182937108767e-16,4.378191226620133e-24,sedih,
151,922,0.0031625994909420556,1.206921646839959e-07,4.4182343051644696e-09,4.807537687079223e-09,2.080241029718537e-17,-1.2371558541866807e-12,7.628016300572927e-18,sedih,
152,923,0.000777231223786434,1.666065472013991e-08,1.1171395040362688e-11,1.9079185616851154e-12,3.335427559513496e-24,4.042129105893228e-18,-8.152395761531372e-24,bahagia,
153,929,0.0009324890668378726,2.7899093378288665e-07,3.1837570031834022e-12,4.157316487459614e-13,-4.391556562502826e-25,-2.1697640811579215e-16,-1.8947778074221734e-25,bahagia,
154,930,0.0008587798420434802,6.607716745899928e-08,6.4548742851315735e-12,4.843169995936759e-12,2.6340849572760745e-23,1.2152936273653864e-15,6.2810517613223766e-24,bahagia,
155,931,0.0009445704448234363,9.383723945355443e-08,2.0854974695569246e-11,7.344008645875246e-12,-8.757270010373973e-23,-1.69007903667673e-15,-2.4322351609433663e-23,bahagia,
156,932,0.0009800623892466085,3.58406289072262e-07,1.1088710602272292e-11,1.268798342446671e-12,1.734022194904972e-24,6.989948280065136e-16,4.432006253889518e-24,bahagia,
157,933,0.0007865665999741026,1.927177527112937e-08,3.4169631879489727e-12,6.823653004785459e-12,1.0015584911393086e-23,1.2251465678630922e-16,3.1390145306437824e-23,bahagia,
158,939,0.0011615494150795536,2.3873808195458353e-09,4.6316151058116905e-11,7.176341782981852e-11,-6.517109607352904e-22,2.7564295774402306e-15,-4.085686074221959e-21,bahagia,
159,940,0.0009523962053543779,6.340585198086024e-08,1.536250028233261e-10,1.2595764369237746e-11,4.090229122437082e-22,2.830983004718625e-16,3.7376224429225883e-22,bahagia,
160,941,0.0008101382003107859,2.130796562433828e-08,3.1560191052620984e-11,1.483972047823734e-12,7.163856500651654e-24,1.703081919928289e-16,7.198382044181374e-24,bahagia,
161,942,0.000767116072255781,1.2752427809071417e-10,7.344273456761743e-13,3.6079476628217914e-13,1.8321391562467095e-25,3.955323513792787e-18,-3.042279677621422e-26,bahagia,
162,943,0.0008399329502126406,1.9184209139671384e-08,1.6542139317235764e-12,5.2145683666501355e-12,1.454496359889601e-23,7.176700752680298e-16,-4.795847701711699e-24,sedih,
163,949,0.000787216612890575,1.9164115680808504e-08,1.851057595825211e-11,1.4296160258542772e-11,-1.3596483839111608e-22,7.15217111764184e-16,1.8867625004865836e-22,sedih,
164,950,0.0006988917756995951,2.590041303079305e-09,6.053103126004842e-13,1.8823784735220317e-13,-5.133266282620547e-26,-6.544858493055765e-18,3.744771174949681e-26,sedih,
165,951,0.0007033860858517866,2.7033868246622745e-10,2.2527217862879376e-12,2.1656187129614324e-13,-7.343568406087078e-26,-2.270571263262052e-18,1.322386855011448e-25,bahagia,
166,952,0.000677501553196294,1.0899379755670532e-09,1.435596239727745e-12,2.997930634384302e-14,1.2280114537375348e-27,7.501724873349025e-19,6.096960781697682e-27,sedih,
167,957,0.0012265730988036284,2.618275381681275e-08,8.167024071994274e-11,6.719158221402404e-11,4.850174535830981e-21,1.08704495417203e-14,1.1182615849345727e-21,bahagia,
168,958,0.0011868792149083954,2.073241564330321e-08,5.070198074581754e-10,2.7352824394681975e-11,1.7083774526086098e-21,-1.6080450446546558e-16,2.730839100761213e-21,sedih,
169,961,0.0007216404068679999,6.428343939659853e-08,6.464575971832571e-12,9.64729014972964e-13,4.1045266899523703e-25,-2.205323087129718e-16,-2.3740075093397866e-24,bahagia,
170,962,0.0006716933683980184,3.830876802818385e-10,5.60173577436879e-13,7.932969287703592e-14,5.06889623342018e-27,-1.1518431712788292e-18,1.5936311493046273e-26,bahagia,
171,963,0.0006650762721419699,8.114828143925789e-10,1.159678901794275e-12,3.2303934793460706e-14,-3.2135397210725197e-27,-8.675094813535409e-19,5.363451814661381e-27,bahagia,
172,967,0.0007176163881618095,2.5815328186290552e-08,8.598352900468449e-13,1.2691687101537122e-13,3.320224530735038e-26,4.1367393015659895e-18,-2.5601300589516336e-26,bahagia,
173,968,0.0009997037129404788,2.618726205578979e-07,1.363356351150845e-10,1.2935094779477389e-11,-4.94984859109863e-22,-3.562240055692072e-15,-2.237305345013507e-22,bahagia,
174,969,0.0009488833045832859,9.914689378477766e-09,3.9605569139678986e-11,6.084224763654771e-12,8.035455639242168e-23,5.343849057648921e-17,-4.963156426662066e-23,sedih,
175,973,0.0007325471320003137,8.414297413219519e-11,8.290112041924691e-13,2.0949515736798493e-13,3.570411851412536e-26,1.3818828339703823e-18,7.967089471672204e-26,bahagia,
176,974,0.0007713301621899086,3.737676437651595e-09,5.172876046588623e-13,1.1643862339473945e-12,-9.027783869806452e-25,-1.413767719000298e-17,-4.0215531335375517e-26,bahagia,
177,975,0.0006661074950666515,4.381784450681509e-09,6.6499297092149495e-12,2.7522566903827336e-14,-1.058812507849181e-26,6.881266322112114e-19,-5.1507389006965845e-27,bahagia,
178,979,0.0007979079642017038,2.6626670947197755e-09,4.5954974439317934e-12,7.900354484366424e-14,1.0506955055265996e-26,-3.248793208152718e-18,-4.642917592498054e-26,bahagia,
179,980,0.0008634805214444072,3.192191011950111e-08,4.8931386256233055e-11,4.6611069436292334e-12,-5.30024052358318e-23,-7.529143133722166e-16,4.6323549782623074e-23,bahagia,
180,983,0.0009144444984014169,1.47955817468999e-07,2.794167878417752e-11,8.97166678243029e-12,1.4185131999540048e-22,2.911698503782012e-16,7.47757796459279e-24,bahagia,
181,984,0.002263375263476154,7.629904044545224e-08,3.2628025839441633e-09,2.843922580883486e-10,1.0220178570708273e-19,-3.0084395600819e-14,-2.541724928947506e-19,bahagia,
182,985,0.0007301037843727505,5.2100443531297934e-09,1.5817164976363755e-11,1.9215702044150593e-13,3.07959585963152e-25,-5.349543663829726e-19,-1.3186321924531152e-25,sedih,
183,989,0.0007177238394337928,1.0784044434143862e-08,2.3613520991166635e-11,5.063575141974373e-13,1.5125471948238305e-24,5.120192602021252e-17,-8.819984482361077e-25,bahagia,
184,990,0.000705480158872726,7.64917102135128e-10,5.266080853067696e-13,1.6248896099176058e-13,9.450655168477732e-27,-2.223306674316093e-18,4.65822729542022e-26,bahagia,
185,991,0.0008665735213209467,5.945257427441199e-08,2.872192252728927e-11,7.504014257645203e-12,3.7248295843388345e-24,1.823735651280896e-15,1.1010292243337328e-22,bahagia,
186,995,0.0008163241117133521,1.125554887891766e-08,7.752913970552064e-12,2.739345217283301e-12,-8.652930691801334e-24,-2.6062360416779397e-16,-9.19218745071175e-24,bahagia,
187,996,0.0009060757134805436,1.3864012209714973e-08,2.545911822521656e-11,6.482385361468298e-12,-5.2201122161475e-23,7.282038460262776e-16,6.488501866401005e-23,sedih,
188,997,0.0007507062256113936,9.939045722413285e-10,4.930449133186569e-12,1.0748317068120993e-12,2.1732124741895248e-24,3.1792881702562784e-17,1.1829424606385269e-24,bahagia,
189,1001,0.0007049646630185822,1.1592587370018213e-08,3.2578527517396815e-11,5.085245687616357e-13,1.5935778180626412e-24,4.934722971493866e-17,-1.3208654057816884e-24,bahagia,
190,1002,0.000817144610089441,7.993207684983035e-11,1.5765796797682186e-11,1.7354184020899524e-13,2.176981455259362e-25,-1.33524639805998e-18,-1.8710362264659765e-25,sedih,
191,1003,0.0007527450167214658,4.4825307719139927e-10,3.8432689399214164e-13,3.161170965582145e-13,-5.593204491123928e-26,1.8372143764510386e-18,9.493331529578076e-26,sedih,
192,1004,0.0034763000645951585,1.2517929238491887e-06,3.179745340457755e-08,1.1280549163053648e-08,1.7046908329380551e-16,4.6213002947145666e-12,1.2877975580763236e-16,bahagia,
193,1005,0.0008275574438464306,5.2800961744099154e-09,1.8162522865620934e-11,5.904183498369576e-13,-1.5422881417713661e-24,3.509429381432141e-18,-1.165971093867036e-24,bahagia,
194,1011,0.0009429695452191658,2.4172047234232884e-09,4.0535449324544646e-12,1.0658267880771326e-12,-1.5294396914670572e-24,-4.9454847300076686e-17,1.602717994089117e-24,bahagia,
195,1012,0.0014125880858563448,3.6190945373963976e-08,1.1422809616851047e-09,3.124597050246632e-10,-1.4924725211821935e-19,5.1438703618767815e-14,-1.1212235791092727e-19,bahagia,
196,1013,0.0010090613022070496,1.2686937992078283e-08,1.9011423878159096e-11,2.9894492418005757e-12,-2.0889441291142804e-23,2.524089808239261e-16,8.45830470909963e-24,sedih,
197,1017,0.0006766415193504847,6.937634471658212e-09,9.809078696263385e-12,1.0639313745882965e-15,1.0352010682109114e-28,6.19835244629643e-20,-3.311840227149556e-29,sedih,
198,1018,0.0008419369775462293,9.561931005920857e-09,2.1353068468552477e-11,1.5488402046796346e-12,8.447111335925782e-24,6.456737722721065e-18,2.825616100863751e-24,bahagia,
199,1019,0.0006817996466889737,1.232320343654393e-09,4.154701227986597e-12,1.0737126644830787e-13,-1.837102923039673e-26,1.6866188238506161e-18,6.932068429874731e-26,bahagia,
200,1020,0.0006737477931546157,1.5291554665371104e-10,4.866744077737447e-13,3.11234882772621e-14,4.974940044116781e-28,-2.541035601450562e-19,3.798022160158361e-27,bahagia,
201,1025,0.0006987532295185648,5.490748038951396e-09,9.268239898317706e-12,2.0708768244665578e-13,-1.2528746334899557e-25,1.534439905805417e-17,2.5809778573263084e-25,bahagia,
202,1026,0.000790448622132886,7.875458218739304e-08,9.334103778714296e-11,4.144761306424913e-11,2.4470022973016552e-21,1.1507570233243853e-14,8.113852323609807e-22,sedih,
203,1027,0.0007136832565779758,3.3270801085111683e-09,1.1144658636075405e-11,5.2181610988800603e-14,2.46402366415845e-26,-1.8383411781182362e-18,-3.124680681007908e-26,bahagia,
204,1028,0.0006660921664826322,6.841508094196771e-11,3.486983932036603e-14,5.569956090994813e-16,-3.0658713437142668e-31,4.182269629904298e-21,2.43550265480552e-30,bahagia,
205,1029,0.0007033789118505967,2.3510035798196925e-09,9.413272303499905e-12,2.5818070750187593e-13,3.171865092685792e-25,8.620783988386949e-18,2.47773257314115e-25,bahagia,
206,1035,0.0006909161195952298,1.6419996667645332e-10,3.6206086627568874e-13,7.372685779712017e-14,8.943386609456991e-27,-9.252017862630801e-19,-8.069259286448329e-27,sedih,
207,1036,0.0006880490705381632,1.6426184923993954e-08,9.27812272756277e-13,3.099778728815102e-14,-2.636008598074963e-28,3.2810018200486775e-18,5.2502430117110545e-27,bahagia,
208,1037,0.0007185861155989913,3.7240300712488596e-09,1.1571680068529502e-11,2.418398138922396e-13,-2.5026433289550482e-25,1.456277867055853e-17,3.178707433629069e-25,sedih,
209,1038,0.0008041149408623388,7.0165740660755496e-09,9.138812410336366e-12,1.3712111566288751e-14,-2.6797155799833082e-27,-4.235032798154279e-19,4.0472973478593344e-27,bahagia,
210,1039,0.0008258484211990776,6.964438977518904e-08,7.531935815092265e-11,3.783380449356249e-11,7.869327835361044e-22,9.884595256718582e-15,1.8600189753840665e-21,bahagia,
211,1045,0.0007485312487790359,1.8463475550513209e-09,2.610852009331285e-13,3.251964005713521e-13,-8.688740455383559e-26,-4.824232693800481e-18,-3.780744177022461e-26,bahagia,
212,1046,0.0006800495125411771,2.5769809472912207e-10,2.277992304485839e-13,3.282552213661584e-14,2.588901349012744e-27,-4.832752556530107e-19,-1.163978587802258e-27,bahagia,
213,1047,0.0007428693933246189,2.73885399577609e-09,2.279762660845343e-12,7.347870005388899e-13,-9.018173239480903e-25,-3.3919828371305386e-17,3.0191650736963647e-25,sedih,
214,1051,0.000996140443245567,1.262173534969467e-07,1.0043590770987603e-11,9.54732127623928e-12,-5.933037480591795e-23,-2.8949656175538127e-15,-7.225201146660792e-23,bahagia,
215,1052,0.0009503352273085687,1.5954919133955052e-07,7.927618455708186e-11,7.492188713996988e-12,1.170578563844324e-22,-2.301389889158926e-15,-1.4013461084224764e-22,bahagia,
216,1053,0.0010851251997283861,5.147587905305386e-09,7.808873576117245e-12,1.4338730996423271e-11,6.165776314290203e-23,1.0643632004945796e-16,-1.386330668184891e-22,bahagia,
217,1057,0.0008241388318872327,5.586940876498313e-09,4.8469397256803226e-11,4.1851990482448954e-12,-4.2460098119537856e-23,-1.5935758918349946e-16,4.18367058201045e-23,bahagia,
218,1058,0.0011078984760806983,7.972003281337542e-08,8.126328542211332e-11,1.973968552334048e-12,1.7840605153062106e-24,2.8490454016239365e-16,2.4937272668421894e-23,bahagia,
219,1059,0.0009209644624547773,1.1158143567276992e-08,1.4921250525068526e-11,5.5676423925169785e-12,3.220713267736156e-23,7.887175730613065e-17,-3.921670011220244e-23,sedih,
220,1063,0.000996140443245567,1.262173534969467e-07,1.0043590770987603e-11,9.54732127623928e-12,-5.933037480591795e-23,-2.8949656175538127e-15,-7.225201146660792e-23,bahagia,
221,1064,0.0009503352273085687,1.5954919133955052e-07,7.927618455708186e-11,7.492188713996988e-12,1.170578563844324e-22,-2.301389889158926e-15,-1.4013461084224764e-22,sedih,
222,1065,0.0010851251997283861,5.147587905305386e-09,7.808873576117245e-12,1.4338730996423271e-11,6.165776314290203e-23,1.0643632004945796e-16,-1.386330668184891e-22,bahagia,
223,1069,0.0007485312487790359,1.8463475550513209e-09,2.610852009331285e-13,3.251964005713521e-13,-8.688740455383559e-26,-4.824232693800481e-18,-3.780744177022461e-26,bahagia,
224,1070,0.0006800495125411771,2.5769809472912207e-10,2.277992304485839e-13,3.282552213661584e-14,2.588901349012744e-27,-4.832752556530107e-19,-1.163978587802258e-27,bahagia,
225,1071,0.0007428693933246189,2.73885399577609e-09,2.279762660845343e-12,7.347870005388899e-13,-9.018173239480903e-25,-3.3919828371305386e-17,3.0191650736963647e-25,bahagia,
226,1075,0.0007564771979705379,5.945865454811061e-08,8.057907437803613e-13,3.080161660479688e-12,4.824336838661101e-24,3.116808007892698e-16,5.226525481003963e-25,bahagia,
227,1076,0.0007240888309785607,1.4315459561814149e-08,3.573778964708505e-11,1.133665467604593e-13,2.268212790575694e-25,6.268605634959288e-18,-2.492973338046175e-26,sedih,
228,1079,0.000812028215027831,8.517176108518725e-09,4.060417932486812e-12,3.7320053236744064e-12,1.3832373029506518e-23,-3.1611653956287144e-16,4.440873581148349e-24,sedih,
229,1080,0.0008233976178955433,4.405378694217123e-09,4.534430254551242e-13,1.0172224802497158e-11,2.0991204936749934e-23,-9.129293328187217e-17,-6.053626202635234e-24,bahagia,
230,1083,0.0008314933264552292,3.194442993993919e-08,9.681159358523355e-11,9.738885002578551e-13,-2.6165983673657825e-24,-1.7148755726911732e-16,-9.087222720944698e-24,bahagia,
231,1084,0.0007015837544762681,2.7895392014066436e-08,7.568808270011126e-12,5.2495358693417205e-14,3.081462458975928e-26,8.585701595069203e-18,-1.2058137170752502e-26,bahagia,
232,1085,0.000721892540120177,1.0968310350141496e-08,1.0623497786836775e-11,3.7072839183279957e-13,-5.737294938965783e-25,-3.839106399542133e-17,-4.605765806331116e-25,bahagia,
233,1086,0.0007862698926803127,4.9239837702230204e-08,9.578682371888803e-12,1.5412276789746515e-12,3.0498939051825908e-24,-2.2887970398372207e-16,5.075998177944945e-24,sedih,
234,1091,0.0008601788196039835,1.5076474900316763e-09,1.2475371052754512e-11,2.058047805950619e-12,6.835543974618794e-24,-7.981532981956447e-18,7.875466988094295e-24,bahagia,
235,1092,0.000892535042951198,3.140167886798576e-08,4.0162930344167614e-11,9.458578304773148e-12,8.774238874719634e-23,-5.317399401352647e-16,-1.621342113361906e-22,bahagia,
236,1095,0.0008995177959173945,1.0451765237607228e-08,5.2778937921030255e-12,9.052687980673302e-13,1.251201355035881e-24,7.775275476281672e-17,1.532987256353749e-24,sedih,
237,1096,0.0007474361846741744,5.451102830398938e-09,2.849779508563743e-11,5.938072028902597e-13,-2.3276063562534204e-24,3.267416843618895e-17,7.410352981572342e-25,bahagia,
238,1099,0.0007992722584300618,4.832242074453553e-09,5.575362800609091e-12,7.395521393513257e-13,-4.0964678365957137e-25,-5.1385278953531205e-17,-1.4447701416957696e-24,bahagia,
239,1100,0.0008086007498439091,1.3234765864013813e-07,1.0487051737411106e-11,4.54604546455317e-12,-8.639327853729316e-24,1.1787288981073917e-15,3.0176660256043173e-23,bahagia,
240,1103,0.0008212004651995267,3.1213573798690716e-08,2.3168805777805262e-11,6.584723577480749e-12,7.117232207585695e-23,-2.6369830908724724e-16,-3.9361073568848165e-23,bahagia,
241,1104,0.0007365033678482383,1.7171317846157488e-09,8.951759250625238e-12,3.497884970578734e-13,-6.1356131899212445e-25,5.3578831306638385e-18,8.157088777116332e-26,sedih,
242,1107,0.0009193367748819175,4.863698159896116e-08,1.451187870496457e-10,2.0204253236673943e-11,7.67110603073268e-23,3.7877694470754557e-16,1.0913291806626907e-21,bahagia,
243,1108,0.0009364138239030812,5.3597451386564167e-08,1.0525777996476458e-11,2.9412488756657947e-11,-2.6217191631814383e-22,-2.9011347431497502e-15,-4.461949223478102e-22,bahagia,
244,1111,0.0007521582914326023,1.1146641879666612e-09,2.931864555741718e-13,1.033083620331217e-12,-5.683674597494477e-25,-3.429737136854338e-17,1.4738096783563e-26,bahagia,
245,1112,0.0007852933928589424,1.3822192604768388e-09,3.128931712418353e-12,1.1699216824216942e-12,1.5124565870329857e-24,2.474214940906553e-17,1.6500928756082643e-24,sedih,
246,1115,0.0008510114296274582,4.347220493660815e-08,4.195386351187198e-11,4.7243434765179306e-12,-3.858631300320637e-23,9.45558581874356e-16,-5.41747664797057e-23,bahagia,
247,1116,0.0007798991584632433,3.2245162620392213e-09,2.754627959193569e-12,5.254210501256734e-13,-5.785845074809212e-25,-2.915619537768425e-17,-2.545644333557881e-25,bahagia,
248,1119,0.000763210690298147,1.3086185909731072e-09,1.8674099234364242e-12,7.727536285684699e-13,2.437449698239244e-25,-1.4041653585621085e-17,-8.957129785720329e-25,bahagia,
249,1120,0.0006721760077563646,1.1954822689021042e-10,8.363905114108401e-14,4.95717759225299e-14,3.057427065612906e-27,-5.112248522220436e-19,-9.168932622381488e-28,bahagia,
250,1121,0.0007132863684669167,1.2622622829895056e-09,7.355215789754805e-13,4.006622816273444e-13,-1.9419003830376974e-25,-1.4190942367347063e-17,-9.79684448785564e-26,sedih,
251,1125,0.0008573073509385141,3.45481155555871e-09,1.1868704341627939e-11,5.024578985823947e-12,1.573280582778004e-23,-2.9202084162242223e-16,-3.5469051952332487e-23,bahagia,
252,1126,0.0010271136319743121,4.715079083717193e-08,9.405607289275664e-13,1.3731142067640309e-13,4.4972431259074166e-27,-9.655185007887012e-18,4.914080648546912e-26,bahagia,
253,1129,0.0009598692917968279,2.471068086285254e-08,2.7166678186119783e-11,1.3315373174455896e-11,-1.1325374262269852e-22,-1.1649589568474516e-15,-2.265144726609659e-22,bahagia,
254,1130,0.0006971069785583257,5.33565499517848e-08,3.81741383019217e-12,1.9017642462748076e-13,1.2402831361679846e-25,1.121589831163277e-17,-1.042766759360406e-25,bahagia,
255,1133,0.0008716644891554183,1.1736301412673224e-09,1.5163684328140377e-11,7.659741503733622e-14,5.863752807539071e-26,8.627186098873916e-19,5.810632958501607e-26,bahagia,
256,1134,0.0009619869001775015,3.061169586357936e-08,1.097545930634725e-11,7.248255520322572e-12,-3.8634779536159407e-23,-9.086860898006778e-16,-5.183476470248989e-23,bahagia,
257,1137,0.002021392864901583,1.6845182324308342e-07,2.094220705254881e-09,3.1270613122997096e-10,9.258743410443064e-20,1.1693344806607236e-13,2.3550937237576124e-19,bahagia,
258,1138,0.000859896327321464,2.088593741743494e-09,2.300542252269432e-10,1.2892727912502943e-11,-6.898883178901176e-22,5.342163589337184e-16,1.3066849366311475e-22,sedih,
259,1141,0.0009024074876821046,9.755027210268864e-09,1.1343293974923843e-12,5.017772043390162e-12,4.254757931674168e-24,8.78626533884721e-17,-1.1189528204305584e-23,bahagia,
260,1142,0.0008320738778757363,1.438118991594738e-08,4.4834877893258544e-12,4.198240143387165e-13,3.1115562217001692e-25,-3.3065999565733285e-17,4.847034584352414e-25,sedih,
261,1145,0.0007320452454175365,1.3732941466923928e-10,5.881365798088995e-13,1.673429193547017e-13,4.059236041953099e-26,1.8873805435112163e-18,3.329254503384704e-26,bahagia,
262,1146,0.0007658931406211262,2.7119966787830964e-09,4.719605389349319e-13,1.0692782668064722e-12,-5.152476009197825e-25,-1.943451536688405e-18,5.581421797205768e-25,bahagia,
263,1147,0.0006630735101490616,3.3454827248485523e-09,5.108564616919702e-12,1.3732295229686225e-14,1.7751248165099677e-27,-4.736382643701045e-19,-3.174581950952728e-27,bahagia,
264,1151,0.000781136466797115,2.8025954850655014e-09,1.8765013665012377e-12,6.927188619694368e-13,5.527928353233796e-25,-3.61597767289993e-17,-5.640775947895786e-25,bahagia,
265,1152,0.0008466783600704758,8.690600011762756e-09,1.161182226100215e-11,1.0327661961347172e-11,-1.848587141288447e-24,-5.370286998931789e-16,-1.1308244510276427e-22,bahagia,
266,1153,0.0009678910226361298,5.633224415158304e-10,1.6429601392181332e-10,9.079658141334298e-12,2.2409032151853185e-22,1.8839022099059174e-16,2.6974769581529865e-22,bahagia,
267,1154,0.0008084476251902388,1.6665113301015532e-13,4.249278978900049e-11,1.5880283700898538e-12,-5.336664944824408e-24,-4.647211703025282e-19,1.190347665843519e-23,bahagia,
268,1155,0.0009128431474049722,6.016994065341088e-09,4.362758792059649e-12,1.5890189938522715e-11,-6.855702958735542e-23,-1.0486325777356799e-15,1.131564563863218e-22,sedih,
269,1156,0.0008557312234969972,2.0397223847940778e-09,7.0452780042308985e-12,7.40884923837207e-12,5.2532094584839244e-23,2.749562870312667e-16,-1.027371006604896e-23,bahagia,
270,1163,0.0007322343377529593,1.7798479389590175e-09,1.58325037755939e-11,4.922170936413923e-13,-7.387773330240906e-25,-2.0357525676459213e-17,-1.1585702126938658e-24,bahagia,
271,1164,0.0007938768539805668,5.147129180328019e-08,3.5080215802380346e-11,1.987810717877904e-12,1.2138206851894091e-23,-2.3430085268675387e-16,-1.1322792877866633e-23,bahagia,
272,1165,0.0008212226087697333,1.856639742507837e-08,2.872468006452132e-11,5.845978922283239e-12,-4.8197627642984176e-23,-7.666128002426676e-16,5.844540992151155e-23,bahagia,
273,1166,0.0008734835697848447,6.819330773347305e-08,1.9639350439961686e-11,1.1736429327791257e-11,-1.7748966088643063e-22,3.052434205308777e-15,1.5709493741992763e-23,sedih,
274,1171,0.0009144444984014169,1.47955817468999e-07,2.794167878417752e-11,8.97166678243029e-12,1.4185131999540048e-22,2.911698503782012e-16,7.47757796459279e-24,sedih,
275,1172,0.002263375263476154,7.629904044545224e-08,3.2628025839441633e-09,2.843922580883486e-10,1.0220178570708273e-19,-3.0084395600819e-14,-2.541724928947506e-19,sedih,
276,1173,0.0007301037843727505,5.2100443531297934e-09,1.5817164976363755e-11,1.9215702044150593e-13,3.07959585963152e-25,-5.349543663829726e-19,-1.3186321924531152e-25,sedih,
277,1177,0.0017424279560598072,2.030951554267959e-07,8.157141524349664e-10,1.5159442476334648e-10,-3.70439161028742e-20,-2.8885789747769934e-14,3.8334190585868975e-20,sedih,
278,1178,0.0008116168914356801,4.625482939832598e-08,1.2112400796353866e-11,6.467837246841657e-13,-1.760798903271723e-24,-1.21855828181695e-16,-4.205014280015315e-25,bahagia,
279,1181,0.0008361223350209978,1.584715333553118e-08,1.0402688192948775e-11,7.014578606004496e-13,1.8787031430363942e-24,5.699783029490844e-17,2.4685328916352083e-25,bahagia,
280,1182,0.000815350110503245,2.3566131342729647e-08,1.539289976845633e-11,5.168170949690623e-12,1.85399441002633e-23,-2.0744067580471403e-16,-4.220348391264348e-23,bahagia,
281,1185,0.0008366781913003091,9.474179153535636e-08,1.4672823649529747e-11,9.855327616890383e-16,1.1840016297805068e-28,-9.112940485028013e-20,5.154418190874339e-30,sedih,
282,1186,0.0007268257557731769,4.7477016648820675e-09,4.510794241183412e-12,6.000381210560438e-13,-5.565716241669593e-26,-3.33187790433327e-17,-9.856061895636313e-25,bahagia,
283,1189,0.0008714279380827256,6.505016429875519e-10,1.739103144340083e-11,1.4845347619417433e-13,1.9761969302799097e-25,2.879957980129045e-18,1.335828783260519e-25,bahagia,
284,1190,0.0008701758348389837,1.6245312306038615e-07,2.633167239862772e-12,7.197011817920238e-13,9.516233212156084e-25,2.720960909425107e-16,-2.7570686844253772e-25,sedih,
285,1193,0.0008021816856486185,2.0400581890395288e-08,1.416945341136176e-12,1.1943985790045542e-12,-1.2500264789979345e-24,-8.012144850390405e-17,-9.229234589166945e-25,bahagia,
286,1194,0.0009151840451779338,1.0707944234215223e-07,9.746926073633721e-11,1.1933445740831297e-12,1.0616423707994193e-23,5.924198270910848e-17,7.275408057877217e-24,bahagia,
287,1195,0.0011200198943123122,2.1953129243999636e-08,3.644880764846358e-11,1.5721350311819273e-11,-3.617624428662379e-22,-2.2847197332168594e-15,-1.0371670113497417e-22,bahagia,
288,1196,0.0008700553969446547,9.504305301479814e-08,6.901174976588615e-11,9.426666508812698e-12,-2.3046473369934668e-23,1.3186691460212401e-15,2.3932849351813867e-22,bahagia,
289,1197,0.0007110945496067416,6.698986838464879e-10,1.4294913226402922e-12,3.65216612131435e-13,1.944742888351353e-25,2.0963556781438083e-18,1.783693782690689e-25,bahagia,
290,1198,0.0007944544365088521,8.114952435803497e-09,6.654454626119563e-12,8.439353856814342e-13,5.458893552982583e-25,-4.668099893509359e-17,-1.9240117548213766e-24,sedih,
291,1205,0.0014689955158038823,8.892693556964668e-07,4.487994884713739e-11,2.2410483279663417e-11,5.05442633999249e-22,-1.7570838534623987e-14,-4.996609522387213e-22,bahagia,
292,1206,0.0010627479810763568,4.4715525081805237e-08,3.359626457234035e-11,9.783230042114382e-12,1.6499881094906846e-22,-9.562981888781811e-16,-6.506824384364608e-23,bahagia,
293,1207,0.0010182830244034554,5.349227579294555e-09,3.101807902181253e-11,2.713552758620564e-11,7.769970495556474e-22,1.81686471222435e-15,-1.266664209831505e-22,bahagia,
294,1208,0.001039733545749939,1.4678935648750255e-08,6.604735501758308e-11,3.569442366313529e-11,1.4841250013217941e-21,3.297635577122258e-15,-8.950267959242765e-22,bahagia,
295,1213,0.0007793644506471091,5.402944919591835e-09,6.356414122306858e-12,2.1550247629819847e-12,7.813850918458354e-24,1.464125368780535e-16,1.6000367632430495e-24,sedih,
296,1214,0.0008749070912541331,3.120174208868383e-08,2.790572420146765e-11,1.0362745057655959e-11,2.570572296750004e-23,-1.6178906385933133e-15,-1.7433654073042247e-22,bahagia,
297,1215,0.0008266087299691107,7.5535193140654e-09,5.175516302843175e-12,4.0321367039352756e-13,4.661442036400374e-25,-2.0543256295614565e-17,3.492713723320452e-25,sedih,
298,1219,0.0008226249673755181,1.1659103402933907e-07,2.2809811055426915e-11,4.926717073994201e-12,-4.511236113715166e-23,1.2504711237368355e-15,2.6316572975491315e-23,sedih,
299,1220,0.000725855781198321,3.3586614609249326e-09,1.1057661831539626e-11,8.263299184113504e-13,-2.803278355850917e-25,-2.2884104135250564e-18,-2.4820439179791513e-24,bahagia,
300,1221,0.000702762272879156,7.154083654604424e-10,5.825021612268286e-14,3.833695858248074e-13,-1.921369972207294e-26,-8.681121551252136e-18,-5.397151017202545e-26,sedih,
301,1222,0.0008183041969675835,6.83167403151616e-09,1.5432165578516134e-11,1.8837192887584482e-12,6.168843359134009e-24,-4.2631997017616074e-17,8.068261485493013e-24,bahagia,
302,1227,0.0007644383304568835,9.25522864443905e-09,1.784373779727794e-12,1.7966298840073556e-12,1.398162759666543e-24,1.683639783424243e-16,-2.8971134734031825e-24,sedih,
303,1228,0.0007845166564054446,1.0807448033673639e-08,3.088454825634607e-12,3.4867408868785317e-13,1.3539001968945774e-25,-2.5494254809869383e-17,-3.3554108289746437e-25,bahagia,
304,1229,0.000820899492256575,4.676082861221374e-09,2.4397524035643998e-11,1.1294081876691183e-12,-3.1746202470907363e-24,7.617336178347053e-17,-5.006957054626635e-24,bahagia,
305,1233,0.0006661496624601401,8.283468386514046e-11,1.3214262226523612e-13,1.931554898653999e-15,3.085880281702334e-29,1.568459809065062e-20,1.1414973612879723e-31,sedih,
306,1234,0.0008509134503341233,7.257459456959086e-08,4.1016159875178355e-13,5.6274058251369244e-12,-2.215597178881439e-25,1.1417285696756752e-17,8.546611644498484e-24,sedih,
307,1235,0.0007452020748287921,1.152906497481765e-09,5.942597595095273e-12,1.4627535055869924e-13,-8.322502630758931e-26,-4.506436753221915e-18,1.0803981825943772e-25,bahagia,
308,1236,0.0007522322728829439,3.378792270292141e-09,9.006845523425509e-12,6.373030786257878e-13,-1.3457106200118043e-24,3.558273506443493e-17,-7.214087359629222e-25,bahagia,
309,1237,0.0006872570151208347,2.0649091466718332e-09,2.0542392222679483e-12,6.025097642842488e-14,1.845894115577755e-26,-1.323557146795277e-18,1.0419913420451021e-26,sedih,
310,1243,0.0008483756368812456,2.4394352486144937e-09,7.004196228232737e-12,2.892366214609806e-12,1.1927092641121267e-23,1.1496711478312444e-16,5.2176948786811755e-24,sedih,
311,1244,0.0009417399250125967,4.200646426878039e-09,1.16714454688879e-11,1.7102110390816245e-11,1.3583013874563498e-22,1.3830907342550763e-17,-1.9982861011322533e-22,bahagia,
312,1245,0.0009968430361455998,1.4462217929923962e-08,2.980056016003785e-11,2.025313372577265e-11,3.050918770770796e-22,1.60516952435948e-15,-3.9305306847446e-22,sedih,
