-- phpMyAdmin SQL Dump
-- version 4.8.1
-- https://www.phpmyadmin.net/
--
-- Host: 127.0.0.1
-- Generation Time: Oct 02, 2018 at 02:24 PM
-- Server version: 10.1.33-MariaDB
-- PHP Version: 7.2.6

SET SQL_MODE = "NO_AUTO_VALUE_ON_ZERO";
SET AUTOCOMMIT = 0;
START TRANSACTION;
SET time_zone = "+00:00";


/*!40101 SET @OLD_CHARACTER_SET_CLIENT=@@CHARACTER_SET_CLIENT */;
/*!40101 SET @OLD_CHARACTER_SET_RESULTS=@@CHARACTER_SET_RESULTS */;
/*!40101 SET @OLD_COLLATION_CONNECTION=@@COLLATION_CONNECTION */;
/*!40101 SET NAMES utf8mb4 */;

--
-- Database: `gmisvm`
--

-- --------------------------------------------------------

--
-- Table structure for table `ciri_pelatihan`
--

CREATE TABLE `ciri_pelatihan` (
  `id_ciri_pelatihan` int(11) NOT NULL,
  `ket` enum('O','S') NOT NULL,
  `kelas` varchar(11) NOT NULL,
  `ciri1` double NOT NULL,
  `ciri2` double NOT NULL,
  `ciri3` double NOT NULL,
  `ciri4` double NOT NULL,
  `ciri5` double NOT NULL,
  `ciri6` double NOT NULL,
  `ciri7` double NOT NULL
) ENGINE=InnoDB DEFAULT CHARSET=latin1;

--
-- Dumping data for table `ciri_pelatihan`
--

INSERT INTO `ciri_pelatihan` (`id_ciri_pelatihan`, `ket`, `kelas`, `ciri1`, `ciri2`, `ciri3`, `ciri4`, `ciri5`, `ciri6`, `ciri7`) VALUES
(1, 'S', 'bahagia', 0.0026156652941768557, 0.00000010953331892522691, 0.0000000024080114203437287, 0.00000000024195863978895097, -8.911773461319086e-20, -0.00000000000006240862134494739, 3.931681995442079e-20),
(2, 'O', 'bahagia', 0.002615665294176884, 0.00000010953331892521813, 0.00000000240801142034374, 0.00000000024195863978895846, -8.911773461320334e-20, -0.00000000000006240862134493693, -1.617654077069991e-19),
(3, 'S', 'bahagia', 0.0020188125077141494, 0.00000013896683160510477, 0.0000000009183417572682484, 0.00000000011419173641151465, -2.929166421066992e-20, -0.000000000000042199771251213787, -7.032999757387116e-21),
(4, 'O', 'bahagia', 0.0020188125077141975, 0.0000001389668316051459, 0.0000000009183417572683239, 0.00000000011419173641149391, -2.929166421065958e-20, -0.00000000000004219977125121141, -2.2570748115714275e-20),
(5, 'S', 'bahagia', 0.0012182918406930354, 0.000000027397911426088396, 0.00000000039980816812199944, 0.0000000000558173602628446, 1.1448364350617888e-21, -0.000000000000009019616967285732, -6.1121636987566694e-21),
(6, 'O', 'bahagia', 0.0012182918406930168, 0.000000027397911426086907, 0.0000000003998081681219917, 0.0000000000558173602628402, 1.144836435061802e-21, -0.000000000000009019616967284823, 8.259377618732408e-21),
(7, 'S', 'jijik', 0.003113340395209824, 0.00000028787081086084405, 0.000000011865637149562105, 0.0000000021586741822622467, -1.0429502983164097e-17, 0.00000000000025697922078515767, 7.792232445046172e-19),
(8, 'O', 'jijik', 0.003113340395209786, 0.0000002878708108608312, 0.000000011865637149562714, 0.0000000021586741822619985, -1.0429502983162503e-17, 0.00000000000025697922078503847, -3.2532589233140867e-18),
(9, 'S', 'jijik', 0.0022687468221933267, 0.0000001820061859810662, 0.0000000030505455881882743, 0.0000000003615083568400634, -3.4286979553099105e-19, -0.0000000000001525531624864281, -4.460177767576485e-20),
(10, 'O', 'jijik', 0.002268746822193332, 0.00000018200618598105826, 0.0000000030505455881884947, 0.0000000003615083568399747, -3.428697955308782e-19, -0.00000000000015255316248638678, -1.62981760425921e-19),
(11, 'S', 'jijik', 0.0010496072565179466, 0.00000000642034887520668, 0.00000000009818746228125877, 0.000000000006569902601003055, 1.5285388566600384e-22, -5.228890214346055e-16, -2.5634842951854032e-23),
(12, 'O', 'jijik', 0.0010496072565179485, 0.000000006420348875207347, 0.0000000000981874622812661, 0.000000000006569902601004378, 1.5285388566606071e-22, -5.228890214347407e-16, 6.693106027165858e-23),
(13, 'S', 'kaget', 0.0248333979304385, 0.0004774366382155276, 0.000010244994667482936, 0.000016575294040032885, 0.00000000021597598653261354, 0.00000036212104559659357, -0.0000000000046673668977741446),
(14, 'O', 'kaget', 0.002796505334804149, 0.0000003442249553509144, 0.00000000004262671867595743, 0.00000000002838454680884031, 8.551579524966685e-22, -0.000000000000010093200936904179, -4.93490051704676e-22),
(15, 'S', 'kaget', 0.0021215400335440697, 0.00000019322578693608428, 0.0000000011064886572170005, 0.00000000007959510684350093, -1.562496994690446e-20, -0.00000000000003357136602085487, -3.049518704502436e-21),
(16, 'O', 'kaget', 0.0021215400335440815, 0.0000001932257869360795, 0.000000001106488657217021, 0.00000000007959510684350402, -1.562496994690731e-20, -0.00000000000003357136602085657, -1.771508346883377e-20),
(17, 'S', 'kaget', 0.0014301225302259925, 0.00000018621862796119979, 0.000000000407846736646355, 0.000000000007992949884810374, -1.4447341519509193e-23, -0.0000000000000022653839589045556, -2.582039620899046e-22),
(18, 'O', 'kaget', 0.0014301225302259873, 0.00000018621862796119624, 0.00000000040784673664637177, 0.000000000007992949884810427, -1.4447341519482345e-23, -0.0000000000000022653839589046373, 4.561328967528821e-22),
(19, 'S', 'marah', 0.0022009985241872227, 0.00000016469364026457005, 0.000000005022508458145554, 0.00000000027869491410331396, -2.4789498757063524e-19, 0.000000000000027488858867257222, 5.022794407192216e-20),
(20, 'O', 'marah', 0.0022009985241872266, 0.00000016469364026457495, 0.000000005022508458146111, 0.00000000027869491410318383, -2.478949875704417e-19, 0.000000000000027488858867234844, -2.1741128160895557e-19),
(21, 'S', 'marah', 0.0016755902407944638, 0.000000013760537692733673, 0.000000002694265288719571, 0.00000000016151036138297768, -4.405453637391562e-20, -0.00000000000000895243333576298, 7.54232818593531e-21),
(22, 'O', 'marah', 0.001675590240794465, 0.00000001376053769273258, 0.0000000026942652887195405, 0.00000000016151036138298552, -4.405453637392236e-20, -0.00000000000000895243333576335, -9.700717091751673e-20),
(23, 'S', 'marah', 0.001078583291638656, 0.000000004900971022781163, 0.00000000007453049012627302, 0.000000000013755111845453512, 4.350755034851428e-22, -9.057013028219618e-16, -5.483500211418827e-23),
(24, 'O', 'marah', 0.0010785832916386752, 0.00000000490097102277768, 0.00000000007453049012628924, 0.00000000001375511184546002, 4.350755034854996e-22, -9.057013028220174e-16, 6.837864650182191e-23),
(25, 'S', 'natural', 0.0028903715471434383, 0.0000001800449911972937, 0.00000000777521395963458, 0.0000000008506631428993275, -1.4495835629315385e-18, -0.0000000000001308604250654891, 3.553673904783884e-19),
(26, 'O', 'natural', 0.00289037154714338, 0.00000018004499119729122, 0.000000007775213959634978, 0.0000000008506631428991883, -1.4495835629311504e-18, -0.00000000000013086042506549828, -1.6385497512180865e-18),
(27, 'S', 'natural', 0.001882164823815112, 0.00000012857810938423434, 0.000000000957350200841559, 0.000000000046216177009635, -8.796557717866862e-21, -0.000000000000016549499531533577, -4.990703106465632e-22),
(28, 'O', 'natural', 0.0018821648238151758, 0.0000001285781093841833, 0.0000000009573502008417103, 0.000000000046216177009602694, -8.796557717857864e-21, -0.000000000000016549499531518715, -4.138255533833088e-21),
(29, 'S', 'natural', 0.0011429839663611376, 0.000000006282386179425296, 0.00000000021616573606322858, 0.00000000000945674673958809, -3.490700866988081e-22, -5.3182733682991e-16, -6.50999369393652e-23),
(30, 'O', 'natural', 0.0011429839663611658, 0.000000006282386179427764, 0.00000000021616573606322584, 0.000000000009456746739586915, -3.4907008669879323e-22, -5.318273368297741e-16, 2.4691132560553123e-22),
(31, 'S', 'sedih', 0.0028090606515369966, 0.00000008596199946094036, 0.000000005223007985910774, 0.00000000033140405933082547, 3.506654402728384e-19, -0.00000000000008656684937414025, 6.379334576784326e-20),
(32, 'O', 'sedih', 0.002809060651536936, 0.00000008596199946094183, 0.000000005223007985910818, 0.0000000003314040593308129, 3.50665440272839e-19, -0.00000000000008656684937413422, -2.591119856075245e-19),
(33, 'S', 'sedih', 0.0023716844826850506, 0.00000020066802303658474, 0.000000002726712130779951, 0.00000000006719014868723684, -2.600277701228486e-20, -0.00000000000002932719277370206, 1.9584900022371344e-21),
(34, 'O', 'sedih', 0.0023716844826850887, 0.00000020066802303662638, 0.0000000027267121307795687, 0.00000000006719014868728635, -2.6002777012314836e-20, -0.00000000000002932719277372594, -1.2286249357719265e-20),
(35, 'S', 'sedih', 0.0011812775698128082, 0.000000000314663921869297, 0.00000000006860443120008467, 0.000000000013113669242916942, 2.8735122372161173e-22, 1.5784766098868925e-16, 1.7812680097729275e-22),
(36, 'O', 'sedih', 0.0011812775698128177, 0.0000000003146639218697367, 0.00000000006860443120008057, 0.000000000013113669242915758, 2.8735122372158023e-22, 1.5784766098882523e-16, -2.6859183712393594e-22),
(37, 'S', 'takut', 0.0025883073038682185, 0.00000014891023611975872, 0.00000000040336896187228345, 0.00000000008549772851743868, 4.434917316669605e-21, 0.000000000000027607905700338415, -7.68080226398415e-21),
(38, 'O', 'takut', 0.0025883073038682255, 0.00000014891023611974765, 0.0000000004033689618726157, 0.00000000008549772851742637, 4.434917316626498e-21, 0.000000000000027607905700367322, 1.5245578211494322e-20),
(39, 'S', 'takut', 0.01825311793938012, 0.0002618568854413051, 0.000004174086459183926, 0.000006565081346052018, 0.00000000003435897918045088, 0.00000010622716455946291, -0.0000000000005279241498645064),
(40, 'O', 'takut', 0.0019227568197648605, 0.0000001498032799284915, 0.00000000029296466896468287, 0.000000000009645913622282299, -5.912138100809376e-23, -0.0000000000000028050403256506437, -5.093503883756053e-22),
(41, 'S', 'takut', 0.001348727353797281, 0.0000003163146447967394, 0.00000000014727548055748893, 0.000000000007467690142979588, -2.473503731825177e-22, 0.00000000000000410453918292769, -1.4266335953829093e-23),
(42, 'O', 'takut', 0.0013487273537972717, 0.0000003163146447967348, 0.0000000001472754805574856, 0.000000000007467690142983144, -2.4735037318269214e-22, 0.000000000000004104539182929633, 1.2251618167002429e-23);

-- --------------------------------------------------------

--
-- Table structure for table `ciri_pengujian`
--

CREATE TABLE `ciri_pengujian` (
  `id_ciri_pengujian` int(11) NOT NULL,
  `ket` enum('O','S') NOT NULL,
  `ciri1` double NOT NULL,
  `ciri2` double NOT NULL,
  `ciri3` double NOT NULL,
  `ciri4` double NOT NULL,
  `ciri5` double NOT NULL,
  `ciri6` double NOT NULL,
  `ciri7` double NOT NULL
) ENGINE=InnoDB DEFAULT CHARSET=latin1;

--
-- Dumping data for table `ciri_pengujian`
--

INSERT INTO `ciri_pengujian` (`id_ciri_pengujian`, `ket`, `ciri1`, `ciri2`, `ciri3`, `ciri4`, `ciri5`, `ciri6`, `ciri7`) VALUES
(1, 'S', 0.0026156652941768557, 0.00000010953331892522691, 0.0000000024080114203437287, 0.00000000024195863978895097, -8.911773461319086e-20, -0.00000000000006240862134494739, 3.931681995442079e-20),
(2, 'O', 0.002615665294176884, 0.00000010953331892521813, 0.00000000240801142034374, 0.00000000024195863978895846, -8.911773461320334e-20, -0.00000000000006240862134493693, -1.617654077069991e-19),
(3, 'S', 0.0248333979304385, 0.0004774366382155276, 0.000010244994667482936, 0.000016575294040032885, 0.00000000021597598653261354, 0.00000036212104559659357, -0.0000000000046673668977741446),
(4, 'O', 0.002796505334804149, 0.0000003442249553509144, 0.00000000004262671867595743, 0.00000000002838454680884031, 8.551579524966685e-22, -0.000000000000010093200936904179, -4.93490051704676e-22),
(5, 'S', 0.0026156652941768557, 0.00000010953331892522691, 0.0000000024080114203437287, 0.00000000024195863978895097, -8.911773461319086e-20, -0.00000000000006240862134494739, 3.931681995442079e-20),
(6, 'O', 0.002615665294176884, 0.00000010953331892521813, 0.00000000240801142034374, 0.00000000024195863978895846, -8.911773461320334e-20, -0.00000000000006240862134493693, -1.617654077069991e-19),
(7, 'S', 0.0248333979304385, 0.0004774366382155276, 0.000010244994667482936, 0.000016575294040032885, 0.00000000021597598653261354, 0.00000036212104559659357, -0.0000000000046673668977741446),
(8, 'O', 0.002796505334804149, 0.0000003442249553509144, 0.00000000004262671867595743, 0.00000000002838454680884031, 8.551579524966685e-22, -0.000000000000010093200936904179, -4.93490051704676e-22),
(9, 'S', 0.0026156652941768557, 0.00000010953331892522691, 0.0000000024080114203437287, 0.00000000024195863978895097, -8.911773461319086e-20, -0.00000000000006240862134494739, 3.931681995442079e-20),
(10, 'O', 0.002615665294176884, 0.00000010953331892521813, 0.00000000240801142034374, 0.00000000024195863978895846, -8.911773461320334e-20, -0.00000000000006240862134493693, -1.617654077069991e-19),
(11, 'S', 0.0248333979304385, 0.0004774366382155276, 0.000010244994667482936, 0.000016575294040032885, 0.00000000021597598653261354, 0.00000036212104559659357, -0.0000000000046673668977741446),
(12, 'O', 0.002796505334804149, 0.0000003442249553509144, 0.00000000004262671867595743, 0.00000000002838454680884031, 8.551579524966685e-22, -0.000000000000010093200936904179, -4.93490051704676e-22),
(13, 'S', 0.0026156652941768557, 0.00000010953331892522691, 0.0000000024080114203437287, 0.00000000024195863978895097, -8.911773461319086e-20, -0.00000000000006240862134494739, 3.931681995442079e-20),
(14, 'O', 0.002615665294176884, 0.00000010953331892521813, 0.00000000240801142034374, 0.00000000024195863978895846, -8.911773461320334e-20, -0.00000000000006240862134493693, -1.617654077069991e-19),
(15, 'S', 0.0248333979304385, 0.0004774366382155276, 0.000010244994667482936, 0.000016575294040032885, 0.00000000021597598653261354, 0.00000036212104559659357, -0.0000000000046673668977741446),
(16, 'O', 0.002796505334804149, 0.0000003442249553509144, 0.00000000004262671867595743, 0.00000000002838454680884031, 8.551579524966685e-22, -0.000000000000010093200936904179, -4.93490051704676e-22);

-- --------------------------------------------------------

--
-- Table structure for table `file_uji`
--

CREATE TABLE `file_uji` (
  `id_file` int(11) NOT NULL,
  `nama_file` varchar(225) NOT NULL,
  `jumlah_wajah` int(4) NOT NULL,
  `jumlah_bahagia` int(4) NOT NULL,
  `jumlah_sedih` int(4) NOT NULL,
  `jumlah_marah` int(4) NOT NULL,
  `jumlah_jijik` int(4) NOT NULL,
  `jumlah_kaget` int(4) NOT NULL,
  `jumlah_takut` int(4) NOT NULL,
  `jumlah_natural` int(4) NOT NULL
) ENGINE=InnoDB DEFAULT CHARSET=latin1;

--
-- Dumping data for table `file_uji`
--

INSERT INTO `file_uji` (`id_file`, `nama_file`, `jumlah_wajah`, `jumlah_bahagia`, `jumlah_sedih`, `jumlah_marah`, `jumlah_jijik`, `jumlah_kaget`, `jumlah_takut`, `jumlah_natural`) VALUES
(1, 'bahagia.png', 1, 1, 0, 0, 0, 0, 0, 0),
(2, 'kaget.png', 1, 0, 0, 0, 0, 1, 0, 0);

-- --------------------------------------------------------

--
-- Table structure for table `hasil`
--

CREATE TABLE `hasil` (
  `id_hasil` int(11) NOT NULL,
  `id_file` int(11) DEFAULT NULL,
  `ket` enum('O','S') NOT NULL,
  `jumlah_wajah_terdeteksi` int(4) NOT NULL,
  `klasifikasi_bahagia` int(4) DEFAULT NULL,
  `klasifikasi_sedih` int(4) DEFAULT NULL,
  `klasifikasi_marah` int(4) DEFAULT NULL,
  `klasifikasi_jijik` int(4) DEFAULT NULL,
  `klasifikasi_kaget` int(4) DEFAULT NULL,
  `klasifikasi_takut` int(4) DEFAULT NULL,
  `klasifikasi_natural` int(4) DEFAULT NULL
) ENGINE=InnoDB DEFAULT CHARSET=latin1;

--
-- Dumping data for table `hasil`
--

INSERT INTO `hasil` (`id_hasil`, `id_file`, `ket`, `jumlah_wajah_terdeteksi`, `klasifikasi_bahagia`, `klasifikasi_sedih`, `klasifikasi_marah`, `klasifikasi_jijik`, `klasifikasi_kaget`, `klasifikasi_takut`, `klasifikasi_natural`) VALUES
(1, 1, 'S', 1, 0, 0, 0, 0, 0, 0, 1),
(2, 1, 'O', 1, 0, 0, 0, 0, 0, 0, 1),
(3, 2, 'S', 1, 0, 0, 0, 0, 1, 0, 0),
(4, 2, 'O', 1, 0, 0, 1, 0, 0, 0, 0),
(5, 1, 'S', 1, 0, 0, 1, 0, 0, 0, 0),
(6, 1, 'O', 1, 1, 0, 0, 0, 0, 0, 0),
(7, 2, 'S', 1, 0, 0, 0, 0, 1, 0, 0),
(8, 2, 'O', 1, 0, 1, 0, 0, 0, 0, 0),
(9, 1, 'S', 1, 0, 0, 0, 0, 0, 0, 1),
(10, 1, 'O', 1, 0, 0, 0, 0, 0, 0, 1),
(11, 2, 'S', 1, 0, 0, 0, 0, 1, 0, 0),
(12, 2, 'O', 1, 0, 0, 0, 0, 0, 1, 0),
(13, 1, 'S', 1, 0, 0, 0, 0, 0, 0, 1),
(14, 1, 'O', 1, 0, 0, 0, 0, 0, 1, 0),
(15, 2, 'S', 1, 0, 0, 0, 0, 1, 0, 0),
(16, 2, 'O', 1, 0, 0, 0, 1, 0, 0, 0);

-- --------------------------------------------------------

--
-- Table structure for table `jarak`
--

CREATE TABLE `jarak` (
  `id_ciri` int(11) NOT NULL,
  `id_ciri_pengujian` int(11) NOT NULL,
  `kelas` varchar(225) NOT NULL,
  `ciri1` double NOT NULL,
  `ciri2` double NOT NULL,
  `ciri3` double NOT NULL,
  `ciri4` double NOT NULL,
  `ciri5` double NOT NULL,
  `ciri6` double NOT NULL,
  `ciri7` double NOT NULL
) ENGINE=InnoDB DEFAULT CHARSET=latin1;

--
-- Dumping data for table `jarak`
--

INSERT INTO `jarak` (`id_ciri`, `id_ciri_pengujian`, `kelas`, `ciri1`, `ciri2`, `ciri3`, `ciri4`, `ciri5`, `ciri6`, `ciri7`) VALUES
(1, 1, 'bahagia', 0.0006647420799821657, 0.000000017567298273081738, 0.00000000116595763843239, 0.0000000001046360609678505, 5.002954715025751e-20, 0.000000000000024532618157134042, 6.430100690537145e-20),
(2, 1, 'sedih', 0.0004949910594985729, 0.000000013885090118754857, 0.0000000002647634289531504, 0.00000000010472268070195193, 1.9743440610794433e-19, 0.00000000000002382988984932657, 7.36062973263058e-20),
(3, 1, 'marah', 0.000963941275303404, 0.00000004841493593186522, 0.00000000018908999198682742, 0.00000000009063851067838854, 8.053748200466528e-21, 0.00000000000006828552942116768, 8.208925939179199e-20),
(4, 1, 'jijik', 0.0004717671362031617, 0.00000004923246298047536, 0.000000002596778646333623, 0.0000000006002921741120976, 3.501622240322999e-18, 0.00000000000009704301110403271, 4.862464734033934e-19),
(5, 1, 'kaget', 0.003173206104620275, 0.00007964709201452029, 0.0000017056029827445465, 0.0000027623409748090693, 0.0000000000359959978394827, 0.00000006035355638027012, 0.0000000000007778945257892045),
(6, 1, 'takut', 0.002059325384902474, 0.000043713323094919207, 0.0000006935054407026146, 0.0000010939708618273713, 0.000000000005726496620578882, 0.000000017704599938506735, 0.00000000000008798739645200256),
(7, 1, 'natural', 0.0006438251817369543, 0.000000004564823338250969, 0.0000000005748985451694854, 0.00000000006015338242720378, 3.971253289654442e-19, 0.000000000000013094704033664169, 2.539231324870061e-19),
(8, 2, 'bahagia', 0.0006647420799821657, 0.000000017567298273081738, 0.00000000116595763843239, 0.0000000001046360609678505, 5.002954715025751e-20, 0.000000000000024532618157134042, 6.430100690537145e-20),
(9, 2, 'sedih', 0.0004949910594985729, 0.000000013885090118754857, 0.0000000002647634289531504, 0.00000000010472268070195193, 1.9743440610794433e-19, 0.00000000000002382988984932657, 7.36062973263058e-20),
(10, 2, 'marah', 0.000963941275303404, 0.00000004841493593186522, 0.00000000018908999198682742, 0.00000000009063851067838854, 8.053748200466528e-21, 0.00000000000006828552942116768, 8.208925939179199e-20),
(11, 2, 'jijik', 0.0004717671362031617, 0.00000004923246298047536, 0.000000002596778646333623, 0.0000000006002921741120976, 3.501622240322999e-18, 0.00000000000009704301110403271, 4.862464734033934e-19),
(12, 2, 'kaget', 0.003173206104620275, 0.00007964709201452029, 0.0000017056029827445465, 0.0000027623409748090693, 0.0000000000359959978394827, 0.00000006035355638027012, 0.0000000000007778945257892045),
(13, 2, 'takut', 0.002059325384902474, 0.000043713323094919207, 0.0000006935054407026146, 0.0000010939708618273713, 0.000000000005726496620578882, 0.000000017704599938506735, 0.00000000000008798739645200256),
(14, 2, 'natural', 0.0006438251817369543, 0.000000004564823338250969, 0.0000000005748985451694854, 0.00000000006015338242720378, 3.971253289654442e-19, 0.000000000000013094704033664169, 2.539231324870061e-19),
(15, 3, 'bahagia', 0.02288247471624381, 0.00047734467219487543, 0.000010243752613701026, 0.000016575156717454064, 0.00000000021597598657170173, 0.00000036212108347259677, 0.000000000004667366872789958),
(16, 3, 'sedih', 0.022712723695760217, 0.0004773409899867211, 0.00001024232189263364, 0.000016575156804073797, 0.00000000021597598642429688, 0.00000036212108417532505, 0.000000000004667366863484667),
(17, 3, 'marah', 0.02318167391156505, 0.0004773755198325342, 0.000010242397566070606, 0.000016575142719903776, 0.00000000021597598662978503, 0.0000003621210397196855, 0.0000000000046673668550017054),
(18, 3, 'jijik', 0.022689499772464806, 0.0004772778724336219, 0.000010239989877416258, 0.000016574451789218986, 0.00000000021597599012335353, 0.00000036212101096220383, 0.000000000004667366450844491),
(19, 3, 'kaget', 0.01904452653164137, 0.0003976800128820821, 0.000008536983673318047, 0.000013812711106584027, 0.00000000017997998878224858, 0.00000030176755162494476, 0.00000000000388947241130176),
(20, 3, 'takut', 0.020158407251359173, 0.0004336137818016832, 0.000009549081215359978, 0.000015481081219565724, 0.0000000002102494900011524, 0.0000003444165080667082, 0.000000000004579379540638962),
(21, 3, 'natural', 0.0228615578179986, 0.00047733166971994064, 0.000010242011757517422, 0.000016574991928010668, 0.0000000002159759870188566, 0.0000003621210949105109, 0.000000000004667366683167832),
(22, 4, 'bahagia', 0.02288247471624381, 0.00047734467219487543, 0.000010243752613701026, 0.000016575156717454064, 0.00000000021597598657170173, 0.00000036212108347259677, 0.000000000004667366872789958),
(23, 4, 'sedih', 0.022712723695760217, 0.0004773409899867211, 0.00001024232189263364, 0.000016575156804073797, 0.00000000021597598642429688, 0.00000036212108417532505, 0.000000000004667366863484667),
(24, 4, 'marah', 0.02318167391156505, 0.0004773755198325342, 0.000010242397566070606, 0.000016575142719903776, 0.00000000021597598662978503, 0.0000003621210397196855, 0.0000000000046673668550017054),
(25, 4, 'jijik', 0.022689499772464806, 0.0004772778724336219, 0.000010239989877416258, 0.000016574451789218986, 0.00000000021597599012335353, 0.00000036212101096220383, 0.000000000004667366450844491),
(26, 4, 'kaget', 0.01904452653164137, 0.0003976800128820821, 0.000008536983673318047, 0.000013812711106584027, 0.00000000017997998878224858, 0.00000030176755162494476, 0.00000000000388947241130176),
(27, 4, 'takut', 0.020158407251359173, 0.0004336137818016832, 0.000009549081215359978, 0.000015481081219565724, 0.0000000002102494900011524, 0.0000003444165080667082, 0.000000000004579379540638962),
(28, 4, 'natural', 0.0228615578179986, 0.00047733166971994064, 0.000010242011757517422, 0.000016574991928010668, 0.0000000002159759870188566, 0.0000003621210949105109, 0.000000000004667366683167832),
(29, 5, 'bahagia', 0.0006647420799821657, 0.000000017567298273081738, 0.00000000116595763843239, 0.0000000001046360609678505, 5.002954715025751e-20, 0.000000000000024532618157134042, 6.430100690537145e-20),
(30, 5, 'sedih', 0.0004949910594985729, 0.000000013885090118754857, 0.0000000002647634289531504, 0.00000000010472268070195193, 1.9743440610794433e-19, 0.00000000000002382988984932657, 7.36062973263058e-20),
(31, 5, 'marah', 0.000963941275303404, 0.00000004841493593186522, 0.00000000018908999198682742, 0.00000000009063851067838854, 8.053748200466528e-21, 0.00000000000006828552942116768, 8.208925939179199e-20),
(32, 5, 'jijik', 0.0004717671362031617, 0.00000004923246298047536, 0.000000002596778646333623, 0.0000000006002921741120976, 3.501622240322999e-18, 0.00000000000009704301110403271, 4.862464734033934e-19),
(33, 5, 'kaget', 0.003173206104620275, 0.00007964709201452029, 0.0000017056029827445465, 0.0000027623409748090693, 0.0000000000359959978394827, 0.00000006035355638027012, 0.0000000000007778945257892045),
(34, 5, 'takut', 0.002059325384902474, 0.000043713323094919207, 0.0000006935054407026146, 0.0000010939708618273713, 0.000000000005726496620578882, 0.000000017704599938506735, 0.00000000000008798739645200256),
(35, 5, 'natural', 0.0006438251817369543, 0.000000004564823338250969, 0.0000000005748985451694854, 0.00000000006015338242720378, 3.971253289654442e-19, 0.000000000000013094704033664169, 2.539231324870061e-19),
(36, 6, 'bahagia', 0.0006647420799821657, 0.000000017567298273081738, 0.00000000116595763843239, 0.0000000001046360609678505, 5.002954715025751e-20, 0.000000000000024532618157134042, 6.430100690537145e-20),
(37, 6, 'sedih', 0.0004949910594985729, 0.000000013885090118754857, 0.0000000002647634289531504, 0.00000000010472268070195193, 1.9743440610794433e-19, 0.00000000000002382988984932657, 7.36062973263058e-20),
(38, 6, 'marah', 0.000963941275303404, 0.00000004841493593186522, 0.00000000018908999198682742, 0.00000000009063851067838854, 8.053748200466528e-21, 0.00000000000006828552942116768, 8.208925939179199e-20),
(39, 6, 'jijik', 0.0004717671362031617, 0.00000004923246298047536, 0.000000002596778646333623, 0.0000000006002921741120976, 3.501622240322999e-18, 0.00000000000009704301110403271, 4.862464734033934e-19),
(40, 6, 'kaget', 0.003173206104620275, 0.00007964709201452029, 0.0000017056029827445465, 0.0000027623409748090693, 0.0000000000359959978394827, 0.00000006035355638027012, 0.0000000000007778945257892045),
(41, 6, 'takut', 0.002059325384902474, 0.000043713323094919207, 0.0000006935054407026146, 0.0000010939708618273713, 0.000000000005726496620578882, 0.000000017704599938506735, 0.00000000000008798739645200256),
(42, 6, 'natural', 0.0006438251817369543, 0.000000004564823338250969, 0.0000000005748985451694854, 0.00000000006015338242720378, 3.971253289654442e-19, 0.000000000000013094704033664169, 2.539231324870061e-19),
(43, 7, 'bahagia', 0.02288247471624381, 0.00047734467219487543, 0.000010243752613701026, 0.000016575156717454064, 0.00000000021597598657170173, 0.00000036212108347259677, 0.000000000004667366872789958),
(44, 7, 'sedih', 0.022712723695760217, 0.0004773409899867211, 0.00001024232189263364, 0.000016575156804073797, 0.00000000021597598642429688, 0.00000036212108417532505, 0.000000000004667366863484667),
(45, 7, 'marah', 0.02318167391156505, 0.0004773755198325342, 0.000010242397566070606, 0.000016575142719903776, 0.00000000021597598662978503, 0.0000003621210397196855, 0.0000000000046673668550017054),
(46, 7, 'jijik', 0.022689499772464806, 0.0004772778724336219, 0.000010239989877416258, 0.000016574451789218986, 0.00000000021597599012335353, 0.00000036212101096220383, 0.000000000004667366450844491),
(47, 7, 'kaget', 0.01904452653164137, 0.0003976800128820821, 0.000008536983673318047, 0.000013812711106584027, 0.00000000017997998878224858, 0.00000030176755162494476, 0.00000000000388947241130176),
(48, 7, 'takut', 0.020158407251359173, 0.0004336137818016832, 0.000009549081215359978, 0.000015481081219565724, 0.0000000002102494900011524, 0.0000003444165080667082, 0.000000000004579379540638962),
(49, 7, 'natural', 0.0228615578179986, 0.00047733166971994064, 0.000010242011757517422, 0.000016574991928010668, 0.0000000002159759870188566, 0.0000003621210949105109, 0.000000000004667366683167832),
(50, 8, 'bahagia', 0.02288247471624381, 0.00047734467219487543, 0.000010243752613701026, 0.000016575156717454064, 0.00000000021597598657170173, 0.00000036212108347259677, 0.000000000004667366872789958),
(51, 8, 'sedih', 0.022712723695760217, 0.0004773409899867211, 0.00001024232189263364, 0.000016575156804073797, 0.00000000021597598642429688, 0.00000036212108417532505, 0.000000000004667366863484667),
(52, 8, 'marah', 0.02318167391156505, 0.0004773755198325342, 0.000010242397566070606, 0.000016575142719903776, 0.00000000021597598662978503, 0.0000003621210397196855, 0.0000000000046673668550017054),
(53, 8, 'jijik', 0.022689499772464806, 0.0004772778724336219, 0.000010239989877416258, 0.000016574451789218986, 0.00000000021597599012335353, 0.00000036212101096220383, 0.000000000004667366450844491),
(54, 8, 'kaget', 0.01904452653164137, 0.0003976800128820821, 0.000008536983673318047, 0.000013812711106584027, 0.00000000017997998878224858, 0.00000030176755162494476, 0.00000000000388947241130176),
(55, 8, 'takut', 0.020158407251359173, 0.0004336137818016832, 0.000009549081215359978, 0.000015481081219565724, 0.0000000002102494900011524, 0.0000003444165080667082, 0.000000000004579379540638962),
(56, 8, 'natural', 0.0228615578179986, 0.00047733166971994064, 0.000010242011757517422, 0.000016574991928010668, 0.0000000002159759870188566, 0.0000003621210949105109, 0.000000000004667366683167832),
(57, 9, 'bahagia', 0.0006647420799821657, 0.000000017567298273081738, 0.00000000116595763843239, 0.0000000001046360609678505, 5.002954715025751e-20, 0.000000000000024532618157134042, 6.430100690537145e-20),
(58, 9, 'sedih', 0.0004949910594985729, 0.000000013885090118754857, 0.0000000002647634289531504, 0.00000000010472268070195193, 1.9743440610794433e-19, 0.00000000000002382988984932657, 7.36062973263058e-20),
(59, 9, 'marah', 0.000963941275303404, 0.00000004841493593186522, 0.00000000018908999198682742, 0.00000000009063851067838854, 8.053748200466528e-21, 0.00000000000006828552942116768, 8.208925939179199e-20),
(60, 9, 'jijik', 0.0004717671362031617, 0.00000004923246298047536, 0.000000002596778646333623, 0.0000000006002921741120976, 3.501622240322999e-18, 0.00000000000009704301110403271, 4.862464734033934e-19),
(61, 9, 'kaget', 0.003173206104620275, 0.00007964709201452029, 0.0000017056029827445465, 0.0000027623409748090693, 0.0000000000359959978394827, 0.00000006035355638027012, 0.0000000000007778945257892045),
(62, 9, 'takut', 0.002059325384902474, 0.000043713323094919207, 0.0000006935054407026146, 0.0000010939708618273713, 0.000000000005726496620578882, 0.000000017704599938506735, 0.00000000000008798739645200256),
(63, 9, 'natural', 0.0006438251817369543, 0.000000004564823338250969, 0.0000000005748985451694854, 0.00000000006015338242720378, 3.971253289654442e-19, 0.000000000000013094704033664169, 2.539231324870061e-19),
(64, 10, 'bahagia', 0.0006647420799821657, 0.000000017567298273081738, 0.00000000116595763843239, 0.0000000001046360609678505, 5.002954715025751e-20, 0.000000000000024532618157134042, 6.430100690537145e-20),
(65, 10, 'sedih', 0.0004949910594985729, 0.000000013885090118754857, 0.0000000002647634289531504, 0.00000000010472268070195193, 1.9743440610794433e-19, 0.00000000000002382988984932657, 7.36062973263058e-20),
(66, 10, 'marah', 0.000963941275303404, 0.00000004841493593186522, 0.00000000018908999198682742, 0.00000000009063851067838854, 8.053748200466528e-21, 0.00000000000006828552942116768, 8.208925939179199e-20),
(67, 10, 'jijik', 0.0004717671362031617, 0.00000004923246298047536, 0.000000002596778646333623, 0.0000000006002921741120976, 3.501622240322999e-18, 0.00000000000009704301110403271, 4.862464734033934e-19),
(68, 10, 'kaget', 0.003173206104620275, 0.00007964709201452029, 0.0000017056029827445465, 0.0000027623409748090693, 0.0000000000359959978394827, 0.00000006035355638027012, 0.0000000000007778945257892045),
(69, 10, 'takut', 0.002059325384902474, 0.000043713323094919207, 0.0000006935054407026146, 0.0000010939708618273713, 0.000000000005726496620578882, 0.000000017704599938506735, 0.00000000000008798739645200256),
(70, 10, 'natural', 0.0006438251817369543, 0.000000004564823338250969, 0.0000000005748985451694854, 0.00000000006015338242720378, 3.971253289654442e-19, 0.000000000000013094704033664169, 2.539231324870061e-19),
(71, 11, 'bahagia', 0.02288247471624381, 0.00047734467219487543, 0.000010243752613701026, 0.000016575156717454064, 0.00000000021597598657170173, 0.00000036212108347259677, 0.000000000004667366872789958),
(72, 11, 'sedih', 0.022712723695760217, 0.0004773409899867211, 0.00001024232189263364, 0.000016575156804073797, 0.00000000021597598642429688, 0.00000036212108417532505, 0.000000000004667366863484667),
(73, 11, 'marah', 0.02318167391156505, 0.0004773755198325342, 0.000010242397566070606, 0.000016575142719903776, 0.00000000021597598662978503, 0.0000003621210397196855, 0.0000000000046673668550017054),
(74, 11, 'jijik', 0.022689499772464806, 0.0004772778724336219, 0.000010239989877416258, 0.000016574451789218986, 0.00000000021597599012335353, 0.00000036212101096220383, 0.000000000004667366450844491),
(75, 11, 'kaget', 0.01904452653164137, 0.0003976800128820821, 0.000008536983673318047, 0.000013812711106584027, 0.00000000017997998878224858, 0.00000030176755162494476, 0.00000000000388947241130176),
(76, 11, 'takut', 0.020158407251359173, 0.0004336137818016832, 0.000009549081215359978, 0.000015481081219565724, 0.0000000002102494900011524, 0.0000003444165080667082, 0.000000000004579379540638962),
(77, 11, 'natural', 0.0228615578179986, 0.00047733166971994064, 0.000010242011757517422, 0.000016574991928010668, 0.0000000002159759870188566, 0.0000003621210949105109, 0.000000000004667366683167832),
(78, 12, 'bahagia', 0.02288247471624381, 0.00047734467219487543, 0.000010243752613701026, 0.000016575156717454064, 0.00000000021597598657170173, 0.00000036212108347259677, 0.000000000004667366872789958),
(79, 12, 'sedih', 0.022712723695760217, 0.0004773409899867211, 0.00001024232189263364, 0.000016575156804073797, 0.00000000021597598642429688, 0.00000036212108417532505, 0.000000000004667366863484667),
(80, 12, 'marah', 0.02318167391156505, 0.0004773755198325342, 0.000010242397566070606, 0.000016575142719903776, 0.00000000021597598662978503, 0.0000003621210397196855, 0.0000000000046673668550017054),
(81, 12, 'jijik', 0.022689499772464806, 0.0004772778724336219, 0.000010239989877416258, 0.000016574451789218986, 0.00000000021597599012335353, 0.00000036212101096220383, 0.000000000004667366450844491),
(82, 12, 'kaget', 0.01904452653164137, 0.0003976800128820821, 0.000008536983673318047, 0.000013812711106584027, 0.00000000017997998878224858, 0.00000030176755162494476, 0.00000000000388947241130176),
(83, 12, 'takut', 0.020158407251359173, 0.0004336137818016832, 0.000009549081215359978, 0.000015481081219565724, 0.0000000002102494900011524, 0.0000003444165080667082, 0.000000000004579379540638962),
(84, 12, 'natural', 0.0228615578179986, 0.00047733166971994064, 0.000010242011757517422, 0.000016574991928010668, 0.0000000002159759870188566, 0.0000003621210949105109, 0.000000000004667366683167832),
(85, 13, 'bahagia', 0.0006647420799821657, 0.000000017567298273081738, 0.00000000116595763843239, 0.0000000001046360609678505, 5.002954715025751e-20, 0.000000000000024532618157134042, 6.430100690537145e-20),
(86, 13, 'sedih', 0.0004949910594985729, 0.000000013885090118754857, 0.0000000002647634289531504, 0.00000000010472268070195193, 1.9743440610794433e-19, 0.00000000000002382988984932657, 7.36062973263058e-20),
(87, 13, 'marah', 0.000963941275303404, 0.00000004841493593186522, 0.00000000018908999198682742, 0.00000000009063851067838854, 8.053748200466528e-21, 0.00000000000006828552942116768, 8.208925939179199e-20),
(88, 13, 'jijik', 0.0004717671362031617, 0.00000004923246298047536, 0.000000002596778646333623, 0.0000000006002921741120976, 3.501622240322999e-18, 0.00000000000009704301110403271, 4.862464734033934e-19),
(89, 13, 'kaget', 0.003173206104620275, 0.00007964709201452029, 0.0000017056029827445465, 0.0000027623409748090693, 0.0000000000359959978394827, 0.00000006035355638027012, 0.0000000000007778945257892045),
(90, 13, 'takut', 0.002059325384902474, 0.000043713323094919207, 0.0000006935054407026146, 0.0000010939708618273713, 0.000000000005726496620578882, 0.000000017704599938506735, 0.00000000000008798739645200256),
(91, 13, 'natural', 0.0006438251817369543, 0.000000004564823338250969, 0.0000000005748985451694854, 0.00000000006015338242720378, 3.971253289654442e-19, 0.000000000000013094704033664169, 2.539231324870061e-19),
(92, 14, 'bahagia', 0.0006647420799821657, 0.000000017567298273081738, 0.00000000116595763843239, 0.0000000001046360609678505, 5.002954715025751e-20, 0.000000000000024532618157134042, 6.430100690537145e-20),
(93, 14, 'sedih', 0.0004949910594985729, 0.000000013885090118754857, 0.0000000002647634289531504, 0.00000000010472268070195193, 1.9743440610794433e-19, 0.00000000000002382988984932657, 7.36062973263058e-20),
(94, 14, 'marah', 0.000963941275303404, 0.00000004841493593186522, 0.00000000018908999198682742, 0.00000000009063851067838854, 8.053748200466528e-21, 0.00000000000006828552942116768, 8.208925939179199e-20),
(95, 14, 'jijik', 0.0004717671362031617, 0.00000004923246298047536, 0.000000002596778646333623, 0.0000000006002921741120976, 3.501622240322999e-18, 0.00000000000009704301110403271, 4.862464734033934e-19),
(96, 14, 'kaget', 0.003173206104620275, 0.00007964709201452029, 0.0000017056029827445465, 0.0000027623409748090693, 0.0000000000359959978394827, 0.00000006035355638027012, 0.0000000000007778945257892045),
(97, 14, 'takut', 0.002059325384902474, 0.000043713323094919207, 0.0000006935054407026146, 0.0000010939708618273713, 0.000000000005726496620578882, 0.000000017704599938506735, 0.00000000000008798739645200256),
(98, 14, 'natural', 0.0006438251817369543, 0.000000004564823338250969, 0.0000000005748985451694854, 0.00000000006015338242720378, 3.971253289654442e-19, 0.000000000000013094704033664169, 2.539231324870061e-19),
(99, 15, 'bahagia', 0.02288247471624381, 0.00047734467219487543, 0.000010243752613701026, 0.000016575156717454064, 0.00000000021597598657170173, 0.00000036212108347259677, 0.000000000004667366872789958),
(100, 15, 'sedih', 0.022712723695760217, 0.0004773409899867211, 0.00001024232189263364, 0.000016575156804073797, 0.00000000021597598642429688, 0.00000036212108417532505, 0.000000000004667366863484667),
(101, 15, 'marah', 0.02318167391156505, 0.0004773755198325342, 0.000010242397566070606, 0.000016575142719903776, 0.00000000021597598662978503, 0.0000003621210397196855, 0.0000000000046673668550017054),
(102, 15, 'jijik', 0.022689499772464806, 0.0004772778724336219, 0.000010239989877416258, 0.000016574451789218986, 0.00000000021597599012335353, 0.00000036212101096220383, 0.000000000004667366450844491),
(103, 15, 'kaget', 0.01904452653164137, 0.0003976800128820821, 0.000008536983673318047, 0.000013812711106584027, 0.00000000017997998878224858, 0.00000030176755162494476, 0.00000000000388947241130176),
(104, 15, 'takut', 0.020158407251359173, 0.0004336137818016832, 0.000009549081215359978, 0.000015481081219565724, 0.0000000002102494900011524, 0.0000003444165080667082, 0.000000000004579379540638962),
(105, 15, 'natural', 0.0228615578179986, 0.00047733166971994064, 0.000010242011757517422, 0.000016574991928010668, 0.0000000002159759870188566, 0.0000003621210949105109, 0.000000000004667366683167832),
(106, 16, 'bahagia', 0.02288247471624381, 0.00047734467219487543, 0.000010243752613701026, 0.000016575156717454064, 0.00000000021597598657170173, 0.00000036212108347259677, 0.000000000004667366872789958),
(107, 16, 'sedih', 0.022712723695760217, 0.0004773409899867211, 0.00001024232189263364, 0.000016575156804073797, 0.00000000021597598642429688, 0.00000036212108417532505, 0.000000000004667366863484667),
(108, 16, 'marah', 0.02318167391156505, 0.0004773755198325342, 0.000010242397566070606, 0.000016575142719903776, 0.00000000021597598662978503, 0.0000003621210397196855, 0.0000000000046673668550017054),
(109, 16, 'jijik', 0.022689499772464806, 0.0004772778724336219, 0.000010239989877416258, 0.000016574451789218986, 0.00000000021597599012335353, 0.00000036212101096220383, 0.000000000004667366450844491),
(110, 16, 'kaget', 0.01904452653164137, 0.0003976800128820821, 0.000008536983673318047, 0.000013812711106584027, 0.00000000017997998878224858, 0.00000030176755162494476, 0.00000000000388947241130176),
(111, 16, 'takut', 0.020158407251359173, 0.0004336137818016832, 0.000009549081215359978, 0.000015481081219565724, 0.0000000002102494900011524, 0.0000003444165080667082, 0.000000000004579379540638962),
(112, 16, 'natural', 0.0228615578179986, 0.00047733166971994064, 0.000010242011757517422, 0.000016574991928010668, 0.0000000002159759870188566, 0.0000003621210949105109, 0.000000000004667366683167832);

-- --------------------------------------------------------

--
-- Table structure for table `pengujian`
--

CREATE TABLE `pengujian` (
  `id_pengujian` int(11) NOT NULL,
  `id_file` int(11) NOT NULL,
  `id_ciri_pengujian_s` int(11) DEFAULT NULL,
  `id_ciri_pengujian_o` int(11) DEFAULT NULL,
  `waktu` varchar(225) DEFAULT NULL,
  `hasil_opencv` varchar(225) DEFAULT NULL,
  `hasil_sendiri` varchar(225) DEFAULT NULL
) ENGINE=InnoDB DEFAULT CHARSET=latin1;

--
-- Dumping data for table `pengujian`
--

INSERT INTO `pengujian` (`id_pengujian`, `id_file`, `id_ciri_pengujian_s`, `id_ciri_pengujian_o`, `waktu`, `hasil_opencv`, `hasil_sendiri`) VALUES
(1, 1, 1, 2, 'bahagia.png', 'natural', 'natural'),
(2, 2, 3, 4, 'kaget.png', 'marah', 'kaget'),
(3, 1, 1, 2, 'bahagia.png', 'marah', 'bahagia'),
(4, 1, 5, 6, '2018-10-02 19:18:23', 'bahagia', 'marah'),
(5, 2, 7, 8, '2018-10-02 19:18:40', 'sedih', 'kaget'),
(6, 1, 9, 10, '2018-10-02 19:20:03', 'natural', 'natural'),
(7, 2, 11, 12, '2018-10-02 19:20:22', 'takut', 'kaget'),
(8, 1, 13, 14, '2018-10-02 19:22:41', 'takut', 'natural'),
(9, 2, 15, 16, '2018-10-02 19:22:59', 'jijik', 'kaget');

--
-- Indexes for dumped tables
--

--
-- Indexes for table `ciri_pelatihan`
--
ALTER TABLE `ciri_pelatihan`
  ADD PRIMARY KEY (`id_ciri_pelatihan`);

--
-- Indexes for table `ciri_pengujian`
--
ALTER TABLE `ciri_pengujian`
  ADD PRIMARY KEY (`id_ciri_pengujian`);

--
-- Indexes for table `file_uji`
--
ALTER TABLE `file_uji`
  ADD PRIMARY KEY (`id_file`);

--
-- Indexes for table `hasil`
--
ALTER TABLE `hasil`
  ADD PRIMARY KEY (`id_hasil`),
  ADD KEY `nama_file` (`id_file`),
  ADD KEY `id_file` (`id_file`);

--
-- Indexes for table `jarak`
--
ALTER TABLE `jarak`
  ADD PRIMARY KEY (`id_ciri`),
  ADD KEY `id_ciri_pengujian` (`id_ciri_pengujian`);

--
-- Indexes for table `pengujian`
--
ALTER TABLE `pengujian`
  ADD PRIMARY KEY (`id_pengujian`),
  ADD KEY `id_ciri_pengujian` (`id_ciri_pengujian_s`),
  ADD KEY `id_ciri_pengujian_o` (`id_ciri_pengujian_o`),
  ADD KEY `id_file` (`id_file`);

--
-- AUTO_INCREMENT for dumped tables
--

--
-- AUTO_INCREMENT for table `ciri_pelatihan`
--
ALTER TABLE `ciri_pelatihan`
  MODIFY `id_ciri_pelatihan` int(11) NOT NULL AUTO_INCREMENT, AUTO_INCREMENT=43;

--
-- AUTO_INCREMENT for table `ciri_pengujian`
--
ALTER TABLE `ciri_pengujian`
  MODIFY `id_ciri_pengujian` int(11) NOT NULL AUTO_INCREMENT, AUTO_INCREMENT=17;

--
-- AUTO_INCREMENT for table `file_uji`
--
ALTER TABLE `file_uji`
  MODIFY `id_file` int(11) NOT NULL AUTO_INCREMENT, AUTO_INCREMENT=3;

--
-- AUTO_INCREMENT for table `hasil`
--
ALTER TABLE `hasil`
  MODIFY `id_hasil` int(11) NOT NULL AUTO_INCREMENT, AUTO_INCREMENT=17;

--
-- AUTO_INCREMENT for table `jarak`
--
ALTER TABLE `jarak`
  MODIFY `id_ciri` int(11) NOT NULL AUTO_INCREMENT, AUTO_INCREMENT=113;

--
-- AUTO_INCREMENT for table `pengujian`
--
ALTER TABLE `pengujian`
  MODIFY `id_pengujian` int(11) NOT NULL AUTO_INCREMENT, AUTO_INCREMENT=10;
COMMIT;

/*!40101 SET CHARACTER_SET_CLIENT=@OLD_CHARACTER_SET_CLIENT */;
/*!40101 SET CHARACTER_SET_RESULTS=@OLD_CHARACTER_SET_RESULTS */;
/*!40101 SET COLLATION_CONNECTION=@OLD_COLLATION_CONNECTION */;
