No,ID Ciri Pengujian,Ciri 1,Ciri 2,Ciri 3,Ciri 4,Ciri 5,Ciri 6,Ciri 7,Kelas Terklasifikasi,,,,,
1,1,0.000775234850636758,2.13388826200468E-09,8.00390223998433E-13,1.98253231394267E-12,-2.49368634156119E-24,-9.07463286932455E-17,1.35424018595745E-25,sedih,,,,,
2,2,0.000753409234923105,6.91084334018544E-10,4.90897852386785E-13,1.40268262616154E-12,-4.07626685871931E-25,-3.14892386568329E-17,1.09023959934028E-24,sedih,,,,0.000775234850636758,0.000753409234923105
3,5,0.000673060546237763,1.06147009146995E-10,7.56686996060675E-14,6.65109756430009E-14,3.82075789362535E-27,-6.37085103307794E-19,-2.76865525928937E-27,bahagia,,,,2.13388826200468E-09,6.91084334018544E-10
4,6,0.000774009138700959,2.49178247279575E-09,1.72115821374228E-12,4.41660536105490E-13,1.32313119052764E-25,-1.33483421118671E-17,-3.61627716030766E-25,sedih,,,,8.00390223998433E-13,4.90897852386785E-13
5,7,0.000713247682930989,1.81901740253400E-09,1.14038675225272E-12,5.97689210533959E-13,-4.79885002536923E-25,-2.54889705700148E-17,-1.14886293550125E-25,sedih,,,,1.98253231394267E-12,1.40268262616154E-12
6,11,0.000810473142793391,3.80638955956853E-09,1.03376339579451E-11,1.10983367342040E-12,-2.81972524646587E-24,-6.52799862408576E-17,2.48613427833905E-24,bahagia,,,,-2.49368634156119E-24,-4.07626685871931E-25
7,12,0.000904689569067383,6.73389832293382E-08,2.74045210484125E-11,1.12177135142443E-11,-1.90933293016871E-22,-2.90278016806594E-15,-4.72104097784683E-23,sedih,,,,-9.07463286932455E-17,-3.14892386568329E-17
8,15,0.000903644088078110,4.19813069582095E-10,7.04853911697834E-12,1.49584289120431E-11,6.08136746650783E-23,-2.28366073413038E-16,-1.41043534800798E-22,sedih,,,,1.35424018595745E-25,1.09023959934028E-24
9,16,0.000730813395709919,4.32745608141884E-11,2.27435519621626E-12,1.12943882440238E-13,5.72295592542343E-26,2.54171975242199E-19,1.24542921960710E-27,sedih,,,,,
10,19,0.000840213770168565,7.95394012100076E-09,3.28229597436602E-11,3.42227917541235E-13,1.38055301917275E-25,-1.35739657712772E-17,-1.13865766416232E-24,sedih,,,,,
11,20,0.000959295021844646,1.46204213462682E-07,1.64545591729147E-11,7.47071230722378E-14,6.36328240145158E-26,2.58630008043506E-17,5.30247553309170E-26,bahagia,,,,,
12,23,0.000923141124429762,1.90149288281630E-09,4.21891975347415E-11,5.06388015544510E-12,5.05848023893183E-23,-1.70082666598137E-16,5.40328585172085E-23,sedih,,,,,
13,24,0.000917757359334484,6.73503933608152E-08,3.08495942525483E-12,7.81055089609157E-13,1.10000786277622E-24,-7.76627610570835E-17,-5.09809048509455E-25,sedih,,,,,
14,27,0.001057536835529540,1.18852599090522E-07,3.37884390958767E-12,1.03677019473438E-11,2.04013767137970E-23,-2.33158403383824E-15,-5.78724721459053E-23,sedih,,,,,
15,28,0.001073834329036930,2.49395260727830E-09,7.39376514258011E-12,1.82004934190585E-11,1.42678371712688E-22,-2.86097803248979E-17,-1.55628800662222E-22,bahagia,,,,,
16,29,0.000979959380233733,1.62014204107171E-07,1.20178802244595E-10,1.26122192744473E-11,3.43381345306836E-22,-3.64941623984945E-15,-3.50987375887442E-22,bahagia,,,,,
17,30,0.001108004993553750,3.47401715113458E-09,5.75118575019933E-11,9.48811301618652E-11,2.02420955262966E-21,-9.06103151296594E-16,-6.71021160678968E-21,sedih,,,,,
18,35,0.000796729943239387,1.21005429551311E-07,1.72318984978738E-12,3.48125057816992E-12,-6.02460770118595E-24,1.15275567628017E-15,6.03364460406001E-24,sedih,,,,,
19,36,0.000714457833786385,2.28253201081910E-09,4.36023214364410E-12,2.66508464828829E-13,1.85173886213812E-25,-1.07869038939402E-17,2.19650820989115E-25,sedih,,,,,
20,39,0.000893887702309913,1.34245650968352E-07,4.29115384021640E-12,1.94967134800481E-11,1.19330156906940E-22,2.75790226845256E-15,-1.32523951571513E-22,sedih,,,,,
21,40,0.001243634366744990,2.18217770396876E-07,2.37175733338070E-11,1.25382977130819E-10,2.36739796275476E-21,-4.60110003795932E-14,-6.41450678375610E-21,sedih,,,,,
22,41,0.000858114798248552,9.22656157482558E-08,3.20513202217893E-11,7.98568869160513E-12,9.64252222421301E-23,7.12713430836140E-16,-8.38125302638535E-23,sedih,,,,,
23,45,0.000756093004468018,1.46756535868309E-09,2.75184621770326E-12,1.21115922881294E-12,-3.39574352335946E-25,-1.14118559328102E-17,-2.18489762843119E-24,sedih,,,,,
24,46,0.000741747010591994,2.85897145899221E-08,1.36413133730601E-11,1.13736458815796E-12,-4.25904391175108E-24,-8.13367534402565E-17,1.38957223161190E-24,sedih,,,,,
25,47,0.000748514756536937,3.85931246497972E-08,1.31711401177220E-11,5.90239910450795E-13,-6.23787201495490E-25,1.13572612962992E-16,1.52291376412674E-24,sedih,,,,,
26,51,0.001618423146870260,2.23038034071713E-08,2.57731882253954E-09,2.10083368715541E-10,1.54200146989056E-19,2.74312835855688E-14,-1.09225718377513E-20,sedih,,,,,
27,52,0.000882204692224735,7.33283653712629E-09,3.25446927807114E-11,1.93625558686431E-12,1.53658838734706E-23,1.54472940782704E-16,3.71025931027888E-25,sedih,,,,,
28,53,0.000741837290289299,3.16290155769708E-09,6.57259401890593E-12,2.65431037257910E-13,1.12051989697762E-25,1.08895268244847E-17,3.32198257243445E-25,bahagia,,,,,
29,54,0.000817206844106992,5.12945179123738E-08,2.55948533796458E-11,2.35577942356100E-13,1.83529397166308E-25,5.19058169498490E-17,5.48580461572083E-25,sedih,,,,,
30,59,0.000725252314708378,6.07121346905534E-11,8.76295244174941E-15,4.19600229013586E-13,-4.81058456582897E-27,-3.26283089241265E-18,2.49847109431482E-26,sedih,,,,,
31,60,0.000690745076766444,2.08716858824934E-09,5.36627522556073E-12,3.00417974783605E-13,-2.42338767202621E-25,1.35425908177912E-17,2.94563742562331E-25,sedih,,,,,
32,61,0.000722989674066266,8.24251271903926E-09,1.00733286086190E-11,2.61536398506730E-13,1.07331998344579E-25,2.08673984243518E-17,-4.10713906971091E-25,sedih,,,,,
33,62,0.000726383343553098,5.24766723943589E-10,4.33913596101221E-13,6.23936012458085E-14,1.83783585876744E-27,-5.16429249806796E-19,1.01004052760061E-26,sedih,,,,,
34,63,0.000929035626300716,9.39237819622769E-10,2.48377725427556E-10,5.11786158278516E-13,5.53978923632606E-24,1.43657536701971E-17,1.61421079199809E-24,sedih,,,,,
35,64,0.000682165430525956,6.00095785315129E-09,2.76403943103681E-12,2.07611637215607E-13,3.42903198720833E-26,-7.80384012367297E-18,1.53487642222106E-25,sedih,,,,,
36,65,0.000706340786457971,2.24940549775338E-08,1.55595489545943E-12,2.18808080635851E-13,-1.38198684114107E-26,-1.60860736799173E-17,1.26921201120388E-25,sedih,,,,,
37,73,0.000708909069717337,2.18046416450304E-09,3.56922487115518E-12,2.76221413540345E-13,-1.23515334569269E-25,-1.00619826465002E-17,-2.44879861383366E-25,bahagia,,,,,
38,74,0.000715761119550247,1.87419706219494E-09,1.95013320838845E-11,9.65723986803670E-14,-8.11904675069636E-26,4.11449442987505E-18,-1.04747812174147E-25,sedih,,,,,
39,75,0.000714857574558070,7.64308180441921E-11,5.60117047393950E-13,1.93853656539810E-13,1.24708906041917E-26,7.48738527099576E-19,6.26486911809532E-26,bahagia,,,,,
40,76,0.000689907765019827,7.35296486804591E-11,1.62289700650797E-12,2.76133713297966E-13,6.86592351863792E-26,-2.24987801976423E-18,1.71628220720366E-25,sedih,,,,,
41,77,0.000761671677182655,4.82537053044689E-08,5.62433458479317E-12,6.60644659495970E-12,3.95054635598268E-24,1.25715121052108E-16,4.00762982203037E-23,sedih,,,,,
42,78,0.000841107707145265,1.18075271669849E-08,2.65964641712502E-11,5.17280240208339E-13,-2.67693965686720E-25,5.58585090165229E-17,1.89990604784004E-24,sedih,,,,,
43,85,0.000801448639290917,4.99929366623535E-09,1.16096737986806E-11,1.48522823716584E-12,-6.15320184643482E-24,-9.64540895306076E-17,-4.17761758185451E-25,sedih,,,,,
44,86,0.000818108521360982,8.39212681521613E-09,1.63621590213177E-11,5.40588782861660E-12,-2.59256026850849E-23,-3.31742209916641E-16,-4.37350081519034E-23,sedih,,,,,
45,87,0.003241735682983130,8.93706380506434E-07,1.58118831009738E-08,9.75833727761946E-09,1.16053100258590E-16,6.24675044352569E-12,3.49956837478212E-17,marah,,,,,
46,88,0.000718757051875929,3.93439353612498E-10,1.83872441903654E-12,1.02341374046841E-13,-2.69392146527053E-26,1.40401562340483E-18,3.52874618943580E-26,sedih,,,,,
47,93,0.000968039392225491,4.37358090930142E-08,1.71096824187110E-11,2.96091560132676E-11,3.10556721631601E-22,-3.28301284008653E-15,5.89656400928042E-22,sedih,,,,,
48,94,0.000929398079237842,1.36008209350756E-07,3.66201520922809E-11,6.23580454260789E-12,9.37295387672924E-23,-2.18115195205617E-15,-9.71904895603460E-24,sedih,,,,,
49,95,0.001103597339713350,1.55432327324945E-07,2.32604390602330E-10,5.50105436613985E-11,4.20608996087435E-21,-1.92446975515001E-14,4.58591576999065E-21,sedih,,,,,
50,96,0.001085232619652340,3.44290342445187E-08,4.09526269153560E-11,6.85396900313286E-11,3.60893938960004E-21,7.39460923273458E-15,-4.01755842039381E-22,sedih,,,,,
51,97,0.000908321930313311,5.80583186248692E-08,6.09000492909271E-11,5.33961455873592E-12,1.16504848044038E-23,-1.20249014253958E-15,9.55809081066133E-23,sedih,,,,,
52,98,0.000938932832385840,2.89777728499979E-07,5.65569290950104E-11,3.53505333832231E-12,3.86245084193083E-23,1.24205558075191E-15,-3.17271967675159E-23,sedih,,,,,
53,105,0.000719361863413897,4.26007347475204E-09,1.32003276540121E-11,5.96059967301616E-14,9.59037103749285E-30,3.50469397814779E-18,5.28721876748116E-26,sedih,,,,,
54,106,0.000707803202125632,1.17934014827228E-09,9.52728335710928E-13,6.27649616289572E-13,-2.81087872762540E-25,-1.66022135587759E-17,3.95676759025708E-25,sedih,,,,,
55,107,0.000761582884333674,1.57416716206036E-09,2.61510783489996E-11,2.29327185975135E-12,9.43542795391703E-24,-7.52577303710627E-17,1.50455552629499E-23,sedih,,,,,
56,108,0.000702246470949134,8.49741340464246E-09,1.35837612868895E-11,1.55085653657177E-14,-6.97656313865343E-27,-1.29701202945501E-18,-1.41269294697028E-27,sedih,,,,,
57,109,0.000741358357888814,2.01699239428331E-09,1.32558638830156E-11,2.59599315006912E-14,-2.68455258478691E-28,-5.89565952716500E-19,1.52262108679186E-26,sedih,,,,,
58,115,0.004982073153514590,4.28629817351191E-06,4.95897145351636E-09,2.96734213132628E-09,9.66584910039843E-18,4.93476054429291E-12,6.01152086918382E-18,marah,,,,,
59,116,0.000740647211872722,6.76089015883091E-10,1.39293448726635E-12,5.42587697569247E-13,-3.27156488364801E-25,1.41081527760668E-17,-3.39814674915399E-25,sedih,,,,,
60,117,0.001652569695331870,1.00171606642719E-06,9.01598703897309E-11,7.02086033757223E-12,1.45170595357360E-22,-4.25718246436606E-15,-1.00636131736357E-22,takut,,,,,
61,118,0.000810888225862304,9.57976824565428E-09,6.49385160084970E-12,2.14336006196739E-12,-2.77678962324378E-24,-1.07407463641230E-16,-7.49877769976763E-24,sedih,,,,,
62,119,0.000878684167996248,1.01737052750318E-08,5.30655810332752E-12,5.83099102398994E-13,-4.60427824510575E-25,-3.78767728521202E-17,9.16550647204316E-25,sedih,,,,,
63,120,0.000678541571198863,4.20190861173534E-13,8.11006373383764E-13,1.65709712995758E-15,-2.61147099844194E-29,3.45414002160636E-22,-5.48486742255559E-29,sedih,,,,,
64,127,0.000839199058545921,3.20652333209398E-08,5.39783381132704E-11,3.99449867379214E-12,-4.14275507471291E-23,6.57624709660273E-16,-4.15227354051942E-23,sedih,,,,,
65,128,0.001131215244105420,1.96305719602810E-08,2.60374924103158E-10,4.31236430792028E-11,-2.64317397225519E-21,4.75987729307047E-15,3.72751285494525E-21,bahagia,,,,,
66,129,0.000989579414915281,3.98660034492004E-08,1.35946063833129E-11,3.06434909793215E-11,-6.16913886797247E-22,5.91924452191537E-15,-1.02963597730949E-22,bahagia,,,,,
67,130,0.001234916232730590,3.36321670664168E-08,6.27245411203953E-10,2.85565614219842E-11,-3.60386148896351E-21,2.95948380748093E-15,1.27239429302791E-21,sedih,,,,,
68,135,0.000901876529458325,8.82497941027465E-10,3.23106990737982E-11,6.07700017511315E-13,2.60179983267159E-24,-1.54769758737889E-17,-6.94195969684989E-25,sedih,,,,,
69,136,0.000977640757133280,1.89830518863521E-07,2.40498406735037E-11,1.51757579971715E-12,-7.57552516662175E-24,-6.38570179690551E-16,5.16395054277777E-24,sedih,,,,,
70,139,0.000984043829893364,1.68937741904630E-08,2.12407430622074E-11,2.60387502798055E-11,3.87527987647858E-23,-9.85900884802357E-16,-6.11144193724590E-22,sedih,,,,,
71,140,0.000811328393492923,4.83917986655284E-09,9.10949694434486E-12,5.15012093190000E-13,-1.11218816663730E-24,-2.13172157571121E-17,8.60191626067650E-26,sedih,,,,,
72,143,0.000867167612284916,8.24971875361788E-08,6.67349842499542E-11,5.16676613283677E-12,-9.38240716602170E-23,1.48085423768529E-15,-2.00437198747804E-23,sedih,,,,,
73,144,0.000755150343708994,2.16941911159086E-09,4.65764310282007E-12,3.34572226145984E-14,1.19784653147894E-26,3.74974323089107E-19,5.56347613099113E-27,sedih,,,,,
74,145,0.000706590282388284,6.09560811393516E-10,1.08262746999785E-12,2.96643582583130E-13,-1.13485465291532E-25,-5.14803213246478E-18,-1.24023442324657E-25,sedih,,,,,
75,149,0.001276875241947690,8.66545342008127E-07,4.40292204933655E-11,1.60851995750700E-11,2.60907168722534E-22,6.90337757722579E-15,3.39363346333306E-22,sedih,,,,,
76,150,0.000990088391569473,7.63632411084775E-08,2.51000294940656E-11,1.12823082737175E-11,-1.56589011405247E-22,2.82057764236322E-15,-1.07362925607479E-22,bahagia,,,,,
77,151,0.001242870730543300,5.24819620302332E-07,2.79307515443084E-10,6.88691124752473E-11,-1.36086463277173E-21,-2.98472865998043E-14,9.45420085763252E-21,sedih,,,,,
78,155,0.001228389109222930,1.17325921646494E-07,1.80951648168518E-10,2.69114705249870E-11,-2.37952314622288E-22,9.10831366597128E-15,1.86282848653074E-21,sedih,,,,,
79,156,0.001626652529647100,5.18115786190003E-07,3.03718968374692E-10,1.09336988711190E-10,-1.50820819742656E-20,-7.86975628282792E-14,-1.30197934510155E-20,sedih,,,,,
80,157,0.000968131178459940,2.07481868789091E-07,3.21575347238266E-12,9.49444120419216E-13,-1.31543795441355E-24,4.24770652875547E-16,-1.01088703747558E-24,sedih,,,,,
81,161,0.002400922495619440,1.87529340306277E-07,6.08078281055514E-10,6.32503255812626E-10,3.75488709814617E-19,2.73729364802036E-13,1.13472658763891E-19,marah,,,,,
82,162,0.001244920762824640,9.81527027412318E-08,3.56859717106989E-12,2.57814382822372E-11,-7.22560455447920E-23,-7.50826699774789E-15,2.36499959396266E-22,bahagia,,,,,
83,163,0.000840496467146710,1.20774186772265E-08,1.73773854891747E-11,6.32727485372540E-12,-6.07988171534595E-23,2.88481270749631E-16,-2.65583642412120E-23,sedih,,,,,
84,167,0.000774574035661608,3.97674658791612E-08,4.07773131155303E-11,3.87645338154234E-13,-1.14969800780035E-24,-6.52039769639221E-17,1.02640901146058E-24,bahagia,,,,,
85,168,0.001231365846351050,2.38246794076913E-09,8.49133556960500E-12,3.06320086537334E-12,-1.49219217930161E-23,-1.46145159025712E-16,4.62596191669738E-24,sedih,,,,,
86,171,0.001118108762520350,6.56412840622405E-08,3.65130186028177E-10,1.56136795607581E-11,-7.73228804038338E-22,2.26855379157307E-15,-8.89917476038906E-22,sedih,,,,,
87,172,0.000838874105951888,3.16083429924426E-08,1.34569245122475E-11,1.61578793531706E-11,-2.28048846907281E-22,-2.78449064924623E-15,-6.90007956159062E-23,sedih,,,,,
88,175,0.000826656511981230,9.75613234581199E-09,3.48393039163053E-12,9.81878891251351E-14,-2.44104258286999E-27,3.16288857522223E-18,5.73758226924372E-26,sedih,,,,,
89,176,0.000812883127855114,8.94447493862138E-10,1.18482316752941E-10,4.59564935122124E-12,-1.03113807127356E-22,-1.27756071527037E-16,-2.94524388187163E-23,sedih,,,,,
90,177,0.000726963328016265,3.78218247946930E-09,2.34426794769019E-11,7.91359749684114E-14,1.06738289262894E-25,-1.83171777502904E-18,1.49959127601339E-26,sedih,,,,,
91,178,0.000826737192504699,1.52527831761470E-08,3.29556688152498E-12,1.85288136503375E-12,-2.85359910782041E-24,-2.08147908340272E-16,-3.58063055040633E-24,sedih,,,,,
92,183,0.001052817328498190,4.47606787032635E-08,5.77290767320089E-11,6.12791188329360E-12,1.08958936023616E-22,5.85684638187781E-16,-3.75772615899200E-23,sedih,,,,,
93,184,0.001120334513957530,2.23515494888887E-09,4.82716412691681E-12,4.44534732396426E-13,-6.40071714468300E-25,-2.09432358058116E-17,1.19793495371364E-25,bahagia,,,,,
94,185,0.000887532741065767,3.03101515381125E-09,2.29701651983454E-11,1.23860864498323E-11,-1.81779070024636E-22,-6.62911900346183E-16,-1.02978540549237E-22,sedih,,,,,
95,189,0.000769887089786634,5.24790347994282E-08,1.49980662607230E-11,1.39646759410326E-13,1.89088981906459E-25,-2.63937207840340E-17,7.13394564773273E-26,sedih,,,,,
96,190,0.000796309426513827,7.78782201038049E-08,4.31437359712063E-13,1.08462349138124E-12,6.81028409284165E-25,2.86836373513685E-16,-2.94443657769953E-25,sedih,,,,,
97,191,0.000773071098622005,2.70900024282888E-08,1.26894047293989E-11,1.29011879956769E-12,1.12672644926032E-25,-1.69210214949057E-16,-5.21871986109581E-24,sedih,,,,,
98,195,0.000791969585201454,1.70481617916287E-07,1.19394692677467E-12,1.76055765920074E-12,1.74199841435299E-24,6.89687556899723E-16,-1.86568003041577E-24,sedih,,,,,
99,196,0.000711989977353344,1.99230761566397E-09,1.40490187669253E-11,1.04224536638337E-13,-1.26073271594336E-25,-8.21367273096210E-19,-3.36817947547852E-27,sedih,,,,,
100,197,0.000792225595459038,1.14946538287033E-07,1.40199691677913E-12,1.27101262170849E-13,3.79504487585976E-26,3.09306381166028E-18,-3.79271015808318E-26,sedih,,,,,
101,198,0.000810940513018648,6.82667953117681E-09,1.42542921050132E-11,4.35226706659240E-13,9.83069133754322E-25,-1.13223917567851E-17,4.56861319087375E-25,sedih,,,,,
102,203,0.000717540216482382,1.79333647216361E-09,4.25343337578658E-12,5.39642611272893E-14,-1.24816164523439E-26,1.55495176004722E-18,-2.26416199677577E-26,sedih,,,,,
103,204,0.000716403332977459,1.97093210760131E-08,7.16512972214010E-12,1.75352096930756E-13,1.41180900828530E-25,1.57584301398174E-17,1.36750945548919E-25,sedih,,,,,
104,205,0.000749613833588512,9.87124239569827E-10,4.94243121707038E-11,4.38055635064845E-13,6.46974871374888E-25,1.33974579711987E-17,1.93287768970555E-24,bahagia,,,,,
105,209,0.000938158616403649,2.71419497153079E-08,3.29262912579701E-11,4.05676159465157E-12,-7.30174200702855E-24,-5.90644019580435E-16,4.63136673365517E-23,bahagia,,,,,
106,210,0.000709392738404482,1.47453591905174E-09,4.47175770594007E-12,3.29974714037405E-14,-1.23702407334835E-26,-8.23486776111856E-19,2.76437386293118E-27,sedih,,,,,
107,213,0.000779506611954888,8.77376548954161E-09,1.86274948588837E-11,2.68496717963754E-12,-1.86322381934578E-23,1.38975899729457E-17,3.65986271662240E-24,sedih,,,,,
108,214,0.000991270420016940,2.31272023809726E-09,9.39459473607154E-11,1.78957850760272E-11,4.10731129075506E-22,-3.03584553253937E-16,-6.08055311581771E-22,sedih,,,,,
109,217,0.000968682723513255,1.65587831299599E-09,3.96818714727767E-11,7.18615155421676E-12,9.74370014089332E-23,4.79080053732476E-17,7.23319496439121E-23,sedih,,,,,
110,218,0.001827787448370810,2.11900076521582E-08,1.20854560901943E-10,2.47618492331247E-10,4.08241914742398E-20,3.15287291588566E-14,-1.29724645844389E-20,natural,,,,,
111,221,0.000872543572610060,1.10113108973531E-07,1.96180656708865E-11,1.52175057595651E-12,-7.21578506448654E-24,-3.93466513054703E-16,4.13105770095537E-24,sedih,,,,,
112,222,0.000811812807174604,9.48274230748785E-08,5.68330440939980E-11,7.17389136419289E-13,1.06634657665585E-24,9.76964864637166E-17,-4.45486195796774E-24,sedih,,,,,
113,225,0.000826628988248015,1.06266409000688E-07,2.70999216246709E-11,1.55789210826301E-11,3.05795757611303E-22,2.11395087330498E-15,9.46311007755052E-23,bahagia,,,,,
114,226,0.000728793567726203,1.08559521552489E-07,1.13252103341951E-12,3.95498333444795E-13,2.61466344368009E-25,1.07897031746983E-16,4.11944516467676E-26,sedih,,,,,
115,227,0.000678568142229221,2.78056394772271E-10,1.22572764352520E-13,2.47493573550637E-15,-3.55320646014774E-29,-6.66685948929449E-21,2.44058135945871E-29,sedih,,,,,
116,231,0.000747686145946408,4.49431851551516E-12,6.77101715290340E-14,3.38272061798321E-13,-3.91963984390237E-26,1.55025908364266E-19,3.29325605106515E-26,sedih,,,,,
117,232,0.000779061447463159,1.84824795939794E-09,2.93592026417266E-11,3.00446133642836E-13,7.97096998851198E-25,7.88032002428237E-18,-4.01094255863716E-25,sedih,,,,,
118,233,0.000685646074920847,9.34921691218282E-11,1.65949076405461E-12,3.29761292997708E-15,2.40588396718338E-28,9.42655532906913E-21,-4.03115392638815E-29,sedih,,,,,
119,237,0.000912879533106874,8.79786024591186E-09,2.24930423945149E-11,1.99218810734529E-11,-4.01491808900756E-22,-1.76773845757901E-15,1.29028419133945E-22,sedih,,,,,
120,238,0.000954775249959670,2.21361816184240E-08,1.16176461941513E-10,2.33128263415528E-11,-1.11231803420570E-21,-2.95281917175549E-15,-4.84491545494813E-22,sedih,,,,,
121,241,0.000902405966603534,5.02719422857453E-09,4.17259015741393E-12,7.80470225536710E-12,-4.36970081522444E-23,-4.90607639438546E-16,8.61776022763816E-24,sedih,,,,,
122,242,0.000836086846860203,1.72787081535461E-08,6.18226377043468E-13,1.41566268229023E-12,-9.45054557677412E-25,8.92737471947679E-17,-9.27825927572866E-25,sedih,,,,,
123,245,0.000953865444250183,9.95189044367024E-09,1.38347179071501E-11,1.65872191924511E-12,6.30352282298524E-24,1.90266375267069E-17,4.83773032489614E-24,sedih,,,,,
124,246,0.001145534560874890,5.17809174921302E-08,4.62239474521904E-10,2.54407598521989E-11,-2.21416295161648E-21,-3.91951076653249E-15,1.64582952977893E-21,sedih,,,,,
125,249,0.000854268057976117,3.09733217930326E-09,6.22023987375006E-12,2.90579104034232E-13,2.54356131951159E-25,2.06578166909576E-18,2.96511434780990E-25,sedih,,,,,
126,250,0.000836075718108885,4.50691756943034E-09,8.58408996577692E-12,1.68679259498262E-12,-2.49747454964051E-24,1.20923441914054E-17,5.91277625021281E-24,sedih,,,,,
127,251,0.000990352264624407,4.23899720456614E-08,4.08626356018853E-11,2.07883343464052E-11,-5.79529636235994E-22,-4.16228252731430E-15,-1.76766243623706E-22,sedih,,,,,
128,255,0.001247780097435010,6.12853779052958E-08,1.18596240492067E-10,3.12162601652609E-11,7.87965675449568E-22,-6.83366763078519E-15,1.72819844874228E-21,sedih,,,,,
129,256,0.000969165969909491,2.77078035527765E-08,1.20322730450512E-11,9.17763454632790E-12,-8.81569942566316E-23,-1.22993341781555E-15,-3.91096569463826E-23,sedih,,,,,
130,259,0.000854893569633468,9.89532861199817E-09,2.77683297654388E-12,1.74030460295711E-12,-3.52076941354147E-24,-1.63031429728523E-16,-1.49675962156423E-24,sedih,,,,,
131,260,0.000972408378197107,1.64383509644911E-07,6.02342093374219E-11,3.28893876341880E-11,1.34481048405789E-21,1.18819842043302E-14,5.78297111572076E-22,sedih,,,,,
132,263,0.000854930180144455,3.39773325558334E-08,5.19175558089744E-11,2.00331499038377E-11,2.26319425327762E-22,-3.39488248464890E-15,6.05135244093281E-22,sedih,,,,,
133,264,0.000759663107380139,1.32002192328758E-08,1.00499696004174E-11,4.44277902065379E-12,2.20891180057536E-23,1.39874368499701E-16,1.98338409260812E-23,sedih,,,,,
134,267,0.000848775418041902,1.04529479132167E-07,5.46222258731807E-11,2.27244509712351E-12,-2.43605668820236E-23,7.33296716693830E-16,6.89567456304769E-24,sedih,,,,,
135,268,0.000803307091854101,8.04427110713778E-08,1.35014943076719E-11,1.69680768944703E-13,-2.15914120160186E-25,4.49908067288679E-17,-1.39071744722442E-25,sedih,,,,,
136,271,0.000712139759116275,8.06708892864821E-09,1.16438621788014E-11,1.41552413557799E-12,8.28526637807977E-26,-8.69589960224009E-17,5.74618105693420E-24,bahagia,,,,,
137,272,0.000691134204416833,7.26154395626912E-11,1.16286721390799E-12,8.51745895370217E-14,2.49456643061390E-26,-6.96806347186438E-19,-9.81168996106683E-27,bahagia,,,,,
138,273,0.000708332895984077,4.02969886337713E-08,3.27776355211795E-12,2.11137848063440E-13,-4.99596450122006E-26,4.11194572943558E-17,-1.68390932554433E-25,sedih,,,,,
139,274,0.000681443284436418,9.01396530480480E-09,4.65435897093774E-11,1.26874337643772E-13,1.75524484157538E-25,-9.46831633449898E-18,-2.53470961911945E-25,sedih,,,,,
140,275,0.000705618208096887,1.45100487646700E-09,1.01228763623065E-12,2.13446596479742E-13,3.10747520679160E-26,-4.85479401887150E-18,9.42250522003675E-26,bahagia,,,,,
141,281,0.000718405511196132,4.68941851967760E-08,2.21249678906673E-12,5.77915101275313E-13,-2.60023635606172E-25,-8.81921759399783E-17,-5.99528003246716E-25,sedih,,,,,
142,282,0.000801253981058984,7.85293023296874E-08,6.29214768642742E-12,1.11066228990886E-12,1.10812849774781E-24,-2.23916380186241E-16,-2.71897038867826E-24,sedih,,,,,
143,283,0.000736731464297519,1.11351154994316E-08,2.43398416845960E-12,1.59762473643371E-12,-2.05433062965913E-24,2.88100954847051E-18,2.38851206865468E-24,bahagia,,,,,
144,284,0.000713712565484882,2.52789569944110E-09,7.90425510537414E-13,1.22065393109994E-13,-9.51132415290539E-27,-5.57436481776517E-18,-3.67033584606368E-26,bahagia,,,,,
145,285,0.000794130229632655,5.65255385517397E-09,1.61189954977305E-11,2.67557369265769E-12,-7.34807030783816E-24,-1.99206506780240E-16,1.59606671279621E-23,sedih,,,,,
146,286,0.000779439760533521,4.27833213261320E-08,1.02341402018283E-11,5.60103664534608E-13,-5.60601729897997E-25,-6.18676809127434E-17,-1.21819652025804E-24,bahagia,,,,,
147,287,0.000747326082944791,7.69927583501551E-11,1.27961739471922E-11,4.44032569435293E-13,-5.59239871698700E-25,1.47980540294729E-18,-8.98624331198379E-25,sedih,,,,,
148,295,0.000747453425361833,3.56881334196213E-08,5.73438114895261E-11,1.11800330780347E-12,6.90765685809626E-24,2.07717309118818E-16,-5.69368880120895E-24,sedih,,,,,
149,296,0.000786952942734610,4.07196342991267E-09,5.54535639904359E-12,5.28665424661486E-12,2.35608519730771E-23,-1.17788791877951E-16,1.62555037880266E-23,sedih,,,,,
150,297,0.000800292947204357,2.17580377726381E-08,4.09135657513817E-11,1.67142459567183E-12,-1.31100317279026E-23,-2.12918293710876E-16,4.37819122662013E-24,sedih,,,,,
151,298,0.003162599490942050,1.20692164683995E-07,4.41823430516446E-09,4.80753768707922E-09,2.08024102971853E-17,-1.23715585418668E-12,7.62801630057292E-18,marah,,,,,
152,299,0.000777231223786434,1.66606547201399E-08,1.11713950403626E-11,1.90791856168511E-12,3.33542755951349E-24,4.04212910589322E-18,-8.15239576153137E-24,sedih,,,,,
153,305,0.000932489066837872,2.78990933782886E-07,3.18375700318340E-12,4.15731648745961E-13,-4.39155656250282E-25,-2.16976408115792E-16,-1.89477780742217E-25,sedih,,,,,
154,306,0.000845951290561420,5.92531944542720E-08,7.36172248718312E-12,5.37325083661304E-12,3.14981574352541E-23,1.30668472913401E-15,1.22446308719435E-23,bahagia,,,,,
155,307,0.000944570444823436,9.38372394535544E-08,2.08549746955692E-11,7.34400864587524E-12,-8.75727001037397E-23,-1.69007903667673E-15,-2.43223516094336E-23,sedih,,,,,
156,308,0.000980062389246608,3.58406289072262E-07,1.10887106022722E-11,1.26879834244667E-12,1.73402219490497E-24,6.98994828006513E-16,4.43200625388951E-24,sedih,,,,,
157,309,0.000786566599974102,1.92717752711293E-08,3.41696318794897E-12,6.82365300478545E-12,1.00155849113930E-23,1.22514656786309E-16,3.13901453064378E-23,sedih,,,,,
158,315,0.001161549415079550,2.38738081954583E-09,4.63161510581169E-11,7.17634178298185E-11,-6.51710960735290E-22,2.75642957744023E-15,-4.08568607422195E-21,sedih,,,,,
159,316,0.000952396205354377,6.34058519808602E-08,1.53625002823326E-10,1.25957643692377E-11,4.09022912243708E-22,2.83098300471862E-16,3.73762244292258E-22,sedih,,,,,
160,317,0.000810138200310785,2.13079656243382E-08,3.15601910526209E-11,1.48397204782373E-12,7.16385650065165E-24,1.70308191992828E-16,7.19838204418137E-24,sedih,,,,,
161,318,0.000767116072255781,1.27524278090714E-10,7.34427345676174E-13,3.60794766282179E-13,1.83213915624670E-25,3.95532351379278E-18,-3.04227967762142E-26,sedih,,,,,
162,319,0.000835959515318884,2.05685723602112E-08,1.98003532219113E-12,4.44530191104766E-12,1.20800610419256E-23,6.36107268472031E-16,-5.29178772504318E-24,sedih,,,,,
163,325,0.000787216612890575,1.91641156808085E-08,1.85105759582521E-11,1.42961602585427E-11,-1.35964838391116E-22,7.15217111764184E-16,1.88676250048658E-22,sedih,,,,,
164,326,0.000698891775699595,2.59004130307930E-09,6.05310312600484E-13,1.88237847352203E-13,-5.13326628262054E-26,-6.54485849305576E-18,3.74477117494968E-26,sedih,,,,,
165,327,0.000703386085851786,2.70338682466227E-10,2.25272178628793E-12,2.16561871296143E-13,-7.34356840608707E-26,-2.27057126326205E-18,1.32238685501144E-25,sedih,,,,,
166,328,0.000677501553196294,1.08993797556705E-09,1.43559623972774E-12,2.99793063438430E-14,1.22801145373753E-27,7.50172487334902E-19,6.09696078169768E-27,sedih,,,,,
167,333,0.001226573098803620,2.61827538168127E-08,8.16702407199427E-11,6.71915822140240E-11,4.85017453583098E-21,1.08704495417203E-14,1.11826158493457E-21,sedih,,,,,
168,334,0.001186879214908390,2.07324156433032E-08,5.07019807458175E-10,2.73528243946819E-11,1.70837745260860E-21,-1.60804504465465E-16,2.73083910076121E-21,bahagia,,,,,
169,337,0.000721640406867999,6.42834393965985E-08,6.46457597183257E-12,9.64729014972964E-13,4.10452668995237E-25,-2.20532308712971E-16,-2.37400750933978E-24,sedih,,,,,
170,338,0.000671693368398018,3.83087680281838E-10,5.60173577436879E-13,7.93296928770359E-14,5.06889623342018E-27,-1.15184317127882E-18,1.59363114930462E-26,sedih,,,,,
171,339,0.000665076272141969,8.11482814392578E-10,1.15967890179427E-12,3.23039347934607E-14,-3.21353972107251E-27,-8.67509481353540E-19,5.36345181466138E-27,sedih,,,,,
172,343,0.000717616388161809,2.58153281862905E-08,8.59835290046844E-13,1.26916871015371E-13,3.32022453073503E-26,4.13673930156598E-18,-2.56013005895163E-26,sedih,,,,,
173,344,0.000948883304583285,9.91468937847776E-09,3.96055691396789E-11,6.08422476365477E-12,8.03545563924216E-23,5.34384905764892E-17,-4.96315642666206E-23,sedih,,,,,
174,345,0.000999703712940478,2.61872620557897E-07,1.36335635115084E-10,1.29350947794773E-11,-4.94984859109863E-22,-3.56224005569207E-15,-2.23730534501350E-22,sedih,,,,,
175,349,0.000732547132000313,8.41429741321951E-11,8.29011204192469E-13,2.09495157367984E-13,3.57041185141253E-26,1.38188283397038E-18,7.96708947167220E-26,sedih,,,,,
176,350,0.000771330162189908,3.73767643765159E-09,5.17287604658862E-13,1.16438623394739E-12,-9.02778386980645E-25,-1.41376771900029E-17,-4.02155313353755E-26,sedih,,,,,
177,351,0.000666107495066651,4.38178445068150E-09,6.64992970921494E-12,2.75225669038273E-14,-1.05881250784918E-26,6.88126632211211E-19,-5.15073890069658E-27,sedih,,,,,
178,355,0.000797907964201703,2.66266709471977E-09,4.59549744393179E-12,7.90035448436642E-14,1.05069550552659E-26,-3.24879320815271E-18,-4.64291759249805E-26,sedih,,,,,
179,356,0.000863480521444407,3.19219101195011E-08,4.89313862562330E-11,4.66110694362923E-12,-5.30024052358318E-23,-7.52914313372216E-16,4.63235497826230E-23,bahagia,,,,,
180,359,0.000914444498401416,1.47955817468999E-07,2.79416787841775E-11,8.97166678243029E-12,1.41851319995400E-22,2.91169850378201E-16,7.47757796459279E-24,sedih,,,,,
181,360,0.002263375263476150,7.62990404454522E-08,3.26280258394416E-09,2.84392258088348E-10,1.02201785707082E-19,-3.00843956008190E-14,-2.54172492894750E-19,marah,,,,,
182,361,0.000730103784372750,5.21004435312979E-09,1.58171649763637E-11,1.92157020441505E-13,3.07959585963152E-25,-5.34954366382972E-19,-1.31863219245311E-25,sedih,,,,,
183,365,0.000717723839433792,1.07840444341438E-08,2.36135209911666E-11,5.06357514197437E-13,1.51254719482383E-24,5.12019260202125E-17,-8.81998448236107E-25,sedih,,,,,
184,366,0.000705480158872726,7.64917102135128E-10,5.26608085306769E-13,1.62488960991760E-13,9.45065516847773E-27,-2.22330667431609E-18,4.65822729542022E-26,sedih,,,,,
185,367,0.000866573521320946,5.94525742744119E-08,2.87219225272892E-11,7.50401425764520E-12,3.72482958433883E-24,1.82373565128089E-15,1.10102922433373E-22,sedih,,,,,
186,371,0.000816324111713352,1.12555488789176E-08,7.75291397055206E-12,2.73934521728330E-12,-8.65293069180133E-24,-2.60623604167793E-16,-9.19218745071175E-24,sedih,,,,,
187,372,0.000906075713480543,1.38640122097149E-08,2.54591182252165E-11,6.48238536146829E-12,-5.22011221614750E-23,7.28203846026277E-16,6.48850186640100E-23,sedih,,,,,
188,373,0.000750706225611393,9.93904572241328E-10,4.93044913318656E-12,1.07483170681209E-12,2.17321247418952E-24,3.17928817025627E-17,1.18294246063852E-24,bahagia,,,,,
189,377,0.000704964663018582,1.15925873700182E-08,3.25785275173968E-11,5.08524568761635E-13,1.59357781806264E-24,4.93472297149386E-17,-1.32086540578168E-24,sedih,,,,,
190,378,0.000752745016721465,4.48253077191399E-10,3.84326893992141E-13,3.16117096558214E-13,-5.59320449112392E-26,1.83721437645103E-18,9.49333152957807E-26,sedih,,,,,
191,379,0.000817144610089441,7.99320768498303E-11,1.57657967976821E-11,1.73541840208995E-13,2.17698145525936E-25,-1.33524639805998E-18,-1.87103622646597E-25,sedih,,,,,
192,380,0.003476300064595150,1.25179292384918E-06,3.17974534045775E-08,1.12805491630536E-08,1.70469083293805E-16,4.62130029471456E-12,1.28779755807632E-16,marah,,,,,
193,381,0.000827557443846430,5.28009617440991E-09,1.81625228656209E-11,5.90418349836957E-13,-1.54228814177136E-24,3.50942938143214E-18,-1.16597109386703E-24,sedih,,,,,
194,387,0.000942969545219165,2.41720472342328E-09,4.05354493245446E-12,1.06582678807713E-12,-1.52943969146705E-24,-4.94548473000766E-17,1.60271799408911E-24,sedih,,,,,
195,388,0.001412588085856340,3.61909453739639E-08,1.14228096168510E-09,3.12459705024663E-10,-1.49247252118219E-19,5.14387036187678E-14,-1.12122357910927E-19,sedih,,,,,
196,389,0.001009061302207040,1.26869379920782E-08,1.90114238781590E-11,2.98944924180057E-12,-2.08894412911428E-23,2.52408980823926E-16,8.45830470909963E-24,sedih,,,,,
197,393,0.000676641519350484,6.93763447165821E-09,9.80907869626338E-12,1.06393137458829E-15,1.03520106821091E-28,6.19835244629643E-20,-3.31184022714955E-29,sedih,,,,,
198,394,0.000841936977546229,9.56193100592085E-09,2.13530684685524E-11,1.54884020467963E-12,8.44711133592578E-24,6.45673772272106E-18,2.82561610086375E-24,sedih,,,,,
199,395,0.000681799646688973,1.23232034365439E-09,4.15470122798659E-12,1.07371266448307E-13,-1.83710292303967E-26,1.68661882385061E-18,6.93206842987473E-26,sedih,,,,,
200,396,0.000673747793154615,1.52915546653711E-10,4.86674407773744E-13,3.11234882772621E-14,4.97494004411678E-28,-2.54103560145056E-19,3.79802216015836E-27,sedih,,,,,
201,401,0.000698753229518564,5.49074803895139E-09,9.26823989831770E-12,2.07087682446655E-13,-1.25287463348995E-25,1.53443990580541E-17,2.58097785732630E-25,sedih,,,,,
202,402,0.000790448622132886,7.87545821873930E-08,9.33410377871429E-11,4.14476130642491E-11,2.44700229730165E-21,1.15075702332438E-14,8.11385232360980E-22,sedih,,,,,
203,403,0.000713683256577975,3.32708010851116E-09,1.11446586360754E-11,5.21816109888006E-14,2.46402366415845E-26,-1.83834117811823E-18,-3.12468068100790E-26,sedih,,,,,
204,404,0.000666092166482632,6.84150809419677E-11,3.48698393203660E-14,5.56995609099481E-16,-3.06587134371426E-31,4.18226962990429E-21,2.43550265480552E-30,bahagia,,,,,
205,405,0.000703378911850596,2.35100357981969E-09,9.41327230349990E-12,2.58180707501875E-13,3.17186509268579E-25,8.62078398838694E-18,2.47773257314115E-25,sedih,,,,,
206,411,0.000690916119595229,1.64199966676453E-10,3.62060866275688E-13,7.37268577971201E-14,8.94338660945699E-27,-9.25201786263080E-19,-8.06925928644832E-27,sedih,,,,,
207,412,0.000688049070538163,1.64261849239939E-08,9.27812272756277E-13,3.09977872881510E-14,-2.63600859807496E-28,3.28100182004867E-18,5.25024301171105E-27,sedih,,,,,
208,413,0.000718586115598991,3.72403007124885E-09,1.15716800685295E-11,2.41839813892239E-13,-2.50264332895504E-25,1.45627786705585E-17,3.17870743362906E-25,sedih,,,,,
209,414,0.000804114940862338,7.01657406607554E-09,9.13881241033636E-12,1.37121115662887E-14,-2.67971557998330E-27,-4.23503279815427E-19,4.04729734785933E-27,bahagia,,,,,
210,415,0.000825848421199077,6.96443897751890E-08,7.53193581509226E-11,3.78338044935624E-11,7.86932783536104E-22,9.88459525671858E-15,1.86001897538406E-21,sedih,,,,,
211,421,0.000748531248779035,1.84634755505132E-09,2.61085200933128E-13,3.25196400571352E-13,-8.68874045538355E-26,-4.82423269380048E-18,-3.78074417702246E-26,sedih,,,,,
212,422,0.000680049512541177,2.57698094729122E-10,2.27799230448583E-13,3.28255221366158E-14,2.58890134901274E-27,-4.83275255653010E-19,-1.16397858780225E-27,sedih,,,,,
213,423,0.000742869393324618,2.73885399577609E-09,2.27976266084534E-12,7.34787000538889E-13,-9.01817323948090E-25,-3.39198283713053E-17,3.01916507369636E-25,sedih,,,,,
214,427,0.001085125199728380,5.14758790530538E-09,7.80887357611724E-12,1.43387309964232E-11,6.16577631429020E-23,1.06436320049457E-16,-1.38633066818489E-22,sedih,,,,,
215,428,0.000996140443245567,1.26217353496946E-07,1.00435907709876E-11,9.54732127623928E-12,-5.93303748059179E-23,-2.89496561755381E-15,-7.22520114666079E-23,sedih,,,,,
216,429,0.000950335227308568,1.59549191339550E-07,7.92761845570818E-11,7.49218871399698E-12,1.17057856384432E-22,-2.30138988915892E-15,-1.40134610842247E-22,sedih,,,,,
217,433,0.000824138831887232,5.58694087649831E-09,4.84693972568032E-11,4.18519904824489E-12,-4.24600981195378E-23,-1.59357589183499E-16,4.18367058201045E-23,sedih,,,,,
218,434,0.001107898476080690,7.97200328133754E-08,8.12632854221133E-11,1.97396855233404E-12,1.78406051530621E-24,2.84904540162393E-16,2.49372726684218E-23,bahagia,,,,,
219,435,0.000920964462454777,1.11581435672769E-08,1.49212505250685E-11,5.56764239251697E-12,3.22071326773615E-23,7.88717573061306E-17,-3.92167001122024E-23,sedih,,,,,
220,439,0.000996140443245567,1.26217353496946E-07,1.00435907709876E-11,9.54732127623928E-12,-5.93303748059179E-23,-2.89496561755381E-15,-7.22520114666079E-23,sedih,,,,,
221,440,0.000950335227308568,1.59549191339550E-07,7.92761845570818E-11,7.49218871399698E-12,1.17057856384432E-22,-2.30138988915892E-15,-1.40134610842247E-22,sedih,,,,,
222,441,0.001085125199728380,5.14758790530538E-09,7.80887357611724E-12,1.43387309964232E-11,6.16577631429020E-23,1.06436320049457E-16,-1.38633066818489E-22,bahagia,,,,,
223,445,0.000748531248779035,1.84634755505132E-09,2.61085200933128E-13,3.25196400571352E-13,-8.68874045538355E-26,-4.82423269380048E-18,-3.78074417702246E-26,bahagia,,,,,
224,446,0.000680049512541177,2.57698094729122E-10,2.27799230448583E-13,3.28255221366158E-14,2.58890134901274E-27,-4.83275255653010E-19,-1.16397858780225E-27,sedih,,,,,
225,447,0.000742869393324618,2.73885399577609E-09,2.27976266084534E-12,7.34787000538889E-13,-9.01817323948090E-25,-3.39198283713053E-17,3.01916507369636E-25,sedih,,,,,
226,451,0.000756477197970537,5.94586545481106E-08,8.05790743780361E-13,3.08016166047968E-12,4.82433683866110E-24,3.11680800789269E-16,5.22652548100396E-25,bahagia,,,,,
227,452,0.000724088830978560,1.43154595618141E-08,3.57377896470850E-11,1.13366546760459E-13,2.26821279057569E-25,6.26860563495928E-18,-2.49297333804617E-26,bahagia,,,,,
228,455,0.000812028215027831,8.51717610851872E-09,4.06041793248681E-12,3.73200532367440E-12,1.38323730295065E-23,-3.16116539562871E-16,4.44087358114834E-24,sedih,,,,,
229,456,0.000823397617895543,4.40537869421712E-09,4.53443025455124E-13,1.01722248024971E-11,2.09912049367499E-23,-9.12929332818721E-17,-6.05362620263523E-24,sedih,,,,,
230,459,0.000831493326455229,3.19444299399391E-08,9.68115935852335E-11,9.73888500257855E-13,-2.61659836736578E-24,-1.71487557269117E-16,-9.08722272094469E-24,sedih,,,,,
231,460,0.000701583754476268,2.78953920140664E-08,7.56880827001112E-12,5.24953586934172E-14,3.08146245897592E-26,8.58570159506920E-18,-1.20581371707525E-26,bahagia,,,,,
232,461,0.000721892540120177,1.09683103501414E-08,1.06234977868367E-11,3.70728391832799E-13,-5.73729493896578E-25,-3.83910639954213E-17,-4.60576580633111E-25,bahagia,,,,,
233,462,0.000786269892680312,4.92398377022302E-08,9.57868237188880E-12,1.54122767897465E-12,3.04989390518259E-24,-2.28879703983722E-16,5.07599817794494E-24,sedih,,,,,
234,467,0.000860178819603983,1.50764749003167E-09,1.24753710527545E-11,2.05804780595061E-12,6.83554397461879E-24,-7.98153298195644E-18,7.87546698809429E-24,sedih,,,,,
235,468,0.000892535042951198,3.14016788679857E-08,4.01629303441676E-11,9.45857830477314E-12,8.77423887471963E-23,-5.31739940135264E-16,-1.62134211336190E-22,bahagia,,,,,
236,471,0.000899517795917394,1.04517652376072E-08,5.27789379210302E-12,9.05268798067330E-13,1.25120135503588E-24,7.77527547628167E-17,1.53298725635374E-24,sedih,,,,,
237,472,0.000747436184674174,5.45110283039893E-09,2.84977950856374E-11,5.93807202890259E-13,-2.32760635625342E-24,3.26741684361889E-17,7.41035298157234E-25,sedih,,,,,
238,475,0.000799272258430061,4.83224207445355E-09,5.57536280060909E-12,7.39552139351325E-13,-4.09646783659571E-25,-5.13852789535312E-17,-1.44477014169576E-24,sedih,,,,,
239,476,0.000808600749843909,1.32347658640138E-07,1.04870517374111E-11,4.54604546455317E-12,-8.63932785372931E-24,1.17872889810739E-15,3.01766602560431E-23,sedih,,,,,
240,479,0.000821200465199526,3.12135737986907E-08,2.31688057778052E-11,6.58472357748074E-12,7.11723220758569E-23,-2.63698309087247E-16,-3.93610735688481E-23,sedih,,,,,
241,480,0.000736503367848238,1.71713178461574E-09,8.95175925062523E-12,3.49788497057873E-13,-6.13561318992124E-25,5.35788313066383E-18,8.15708877711633E-26,sedih,,,,,
242,483,0.000919336774881917,4.86369815989611E-08,1.45118787049645E-10,2.02042532366739E-11,7.67110603073268E-23,3.78776944707545E-16,1.09132918066269E-21,bahagia,,,,,
243,484,0.000936413823903081,5.35974513865641E-08,1.05257779964764E-11,2.94124887566579E-11,-2.62171916318143E-22,-2.90113474314975E-15,-4.46194922347810E-22,bahagia,,,,,
244,487,0.000752158291432602,1.11466418796666E-09,2.93186455574171E-13,1.03308362033121E-12,-5.68367459749447E-25,-3.42973713685433E-17,1.47380967835630E-26,sedih,,,,,
245,488,0.000785293392858942,1.38221926047683E-09,3.12893171241835E-12,1.16992168242169E-12,1.51245658703298E-24,2.47421494090655E-17,1.65009287560826E-24,sedih,,,,,
246,491,0.000851011429627458,4.34722049366081E-08,4.19538635118719E-11,4.72434347651793E-12,-3.85863130032063E-23,9.45558581874356E-16,-5.41747664797057E-23,sedih,,,,,
247,492,0.000779899158463243,3.22451626203922E-09,2.75462795919356E-12,5.25421050125673E-13,-5.78584507480921E-25,-2.91561953776842E-17,-2.54564433355788E-25,sedih,,,,,
248,495,0.000763210690298147,1.30861859097310E-09,1.86740992343642E-12,7.72753628568469E-13,2.43744969823924E-25,-1.40416535856210E-17,-8.95712978572032E-25,sedih,,,,,
249,496,0.000672176007756364,1.19548226890210E-10,8.36390511410840E-14,4.95717759225299E-14,3.05742706561290E-27,-5.11224852222043E-19,-9.16893262238148E-28,sedih,,,,,
250,497,0.000713286368466916,1.26226228298950E-09,7.35521578975480E-13,4.00662281627344E-13,-1.94190038303769E-25,-1.41909423673470E-17,-9.79684448785564E-26,sedih,,,,,
251,501,0.000857307350938514,3.45481155555871E-09,1.18687043416279E-11,5.02457898582394E-12,1.57328058277800E-23,-2.92020841622422E-16,-3.54690519523324E-23,sedih,,,,,
252,502,0.001027113631974310,4.71507908371719E-08,9.40560728927566E-13,1.37311420676403E-13,4.49724312590741E-27,-9.65518500788701E-18,4.91408064854691E-26,sedih,,,,,
253,505,0.000959869291796827,2.47106808628525E-08,2.71666781861197E-11,1.33153731744558E-11,-1.13253742622698E-22,-1.16495895684745E-15,-2.26514472660965E-22,sedih,,,,,
254,506,0.000697106978558325,5.33565499517848E-08,3.81741383019217E-12,1.90176424627480E-13,1.24028313616798E-25,1.12158983116327E-17,-1.04276675936040E-25,sedih,,,,,
255,509,0.000871664489155418,1.17363014126732E-09,1.51636843281403E-11,7.65974150373362E-14,5.86375280753907E-26,8.62718609887391E-19,5.81063295850160E-26,sedih,,,,,
256,510,0.000961986900177501,3.06116958635793E-08,1.09754593063472E-11,7.24825552032257E-12,-3.86347795361594E-23,-9.08686089800677E-16,-5.18347647024898E-23,sedih,,,,,
257,513,0.002021392864901580,1.68451823243083E-07,2.09422070525488E-09,3.12706131229970E-10,9.25874341044306E-20,1.16933448066072E-13,2.35509372375761E-19,natural,,,,,
258,514,0.000859896327321464,2.08859374174349E-09,2.30054225226943E-10,1.28927279125029E-11,-6.89888317890117E-22,5.34216358933718E-16,1.30668493663114E-22,sedih,,,,,
259,517,0.000902407487682104,9.75502721026886E-09,1.13432939749238E-12,5.01777204339016E-12,4.25475793167416E-24,8.78626533884721E-17,-1.11895282043055E-23,sedih,,,,,
260,518,0.000832073877875736,1.43811899159473E-08,4.48348778932585E-12,4.19824014338716E-13,3.11155622170016E-25,-3.30659995657332E-17,4.84703458435241E-25,sedih,,,,,
261,521,0.000732045245417536,1.37329414669239E-10,5.88136579808899E-13,1.67342919354701E-13,4.05923604195309E-26,1.88738054351121E-18,3.32925450338470E-26,sedih,,,,,
262,522,0.000765893140621126,2.71199667878309E-09,4.71960538934931E-13,1.06927826680647E-12,-5.15247600919782E-25,-1.94345153668840E-18,5.58142179720576E-25,bahagia,,,,,
263,523,0.000663073510149061,3.34548272484855E-09,5.10856461691970E-12,1.37322952296862E-14,1.77512481650996E-27,-4.73638264370104E-19,-3.17458195095272E-27,sedih,,,,,
264,527,0.000974311605423670,6.41515835621676E-10,1.75539933992370E-10,8.33879622220757E-12,1.72978280636059E-22,1.53420462922281E-16,2.68074686787376E-22,sedih,,,,,
265,528,0.000808447625190238,1.66651133010155E-13,4.24927897890004E-11,1.58802837008985E-12,-5.33666494482440E-24,-4.64721170302528E-19,1.19034766584351E-23,sedih,,,,,
266,529,0.000912843147404972,6.01699406534108E-09,4.36275879205964E-12,1.58901899385227E-11,-6.85570295873554E-23,-1.04863257773567E-15,1.13156456386321E-22,sedih,,,,,
267,530,0.000781136466797115,2.80259548506550E-09,1.87650136650123E-12,6.92718861969436E-13,5.52792835323379E-25,-3.61597767289993E-17,-5.64077594789578E-25,sedih,,,,,
268,531,0.000846678360070475,8.69060001176275E-09,1.16118222610021E-11,1.03276619613471E-11,-1.84858714128844E-24,-5.37028699893178E-16,-1.13082445102764E-22,sedih,,,,,
269,532,0.000855365118069398,1.89585083017432E-09,6.71461808941338E-12,7.38200699153565E-12,5.10925494121351E-23,2.62444175946917E-16,-9.52241216513164E-24,sedih,,,,,
270,539,0.000793876853980566,5.14712918032801E-08,3.50802158023803E-11,1.98781071787790E-12,1.21382068518940E-23,-2.34300852686753E-16,-1.13227928778666E-23,sedih,,,,,
271,540,0.000820900861964342,9.60326527039803E-09,1.89336841461872E-11,6.68162986987043E-12,-5.90228526640798E-23,-5.89371215925175E-16,4.65203468791988E-23,sedih,,,,,
272,541,0.000732234337752959,1.77984793895901E-09,1.58325037755939E-11,4.92217093641392E-13,-7.38777333024090E-25,-2.03575256764592E-17,-1.15857021269386E-24,sedih,,,,,
273,542,0.000873483569784844,6.81933077334730E-08,1.96393504399616E-11,1.17364293277912E-11,-1.77489660886430E-22,3.05243420530877E-15,1.57094937419927E-23,sedih,,,,,
274,547,0.000914444498401416,1.47955817468999E-07,2.79416787841775E-11,8.97166678243029E-12,1.41851319995400E-22,2.91169850378201E-16,7.47757796459279E-24,sedih,,,,,
275,548,0.002263375263476150,7.62990404454522E-08,3.26280258394416E-09,2.84392258088348E-10,1.02201785707082E-19,-3.00843956008190E-14,-2.54172492894750E-19,marah,,,,,
276,549,0.000730103784372750,5.21004435312979E-09,1.58171649763637E-11,1.92157020441505E-13,3.07959585963152E-25,-5.34954366382972E-19,-1.31863219245311E-25,sedih,,,,,
277,553,0.001742427956059800,2.03095155426795E-07,8.15714152434966E-10,1.51594424763346E-10,-3.70439161028742E-20,-2.88857897477699E-14,3.83341905858689E-20,sedih,,,,,
278,554,0.000811616891435680,4.62548293983259E-08,1.21124007963538E-11,6.46783724684165E-13,-1.76079890327172E-24,-1.21855828181695E-16,-4.20501428001531E-25,sedih,,,,,
279,557,0.000815350110503245,2.35661313427296E-08,1.53928997684563E-11,5.16817094969062E-12,1.85399441002633E-23,-2.07440675804714E-16,-4.22034839126434E-23,sedih,,,,,
280,558,0.000836122335020997,1.58471533355311E-08,1.04026881929487E-11,7.01457860600449E-13,1.87870314303639E-24,5.69978302949084E-17,2.46853289163520E-25,sedih,,,,,
281,561,0.000836678191300309,9.47417915353563E-08,1.46728236495297E-11,9.85532761689038E-16,1.18400162978050E-28,-9.11294048502801E-20,5.15441819087433E-30,sedih,,,,,
282,562,0.000726825755773176,4.74770166488206E-09,4.51079424118341E-12,6.00038121056043E-13,-5.56571624166959E-26,-3.33187790433327E-17,-9.85606189563631E-25,sedih,,,,,
283,565,0.000871427938082725,6.50501642987551E-10,1.73910314434008E-11,1.48453476194174E-13,1.97619693027990E-25,2.87995798012904E-18,1.33582878326051E-25,sedih,,,,,
284,566,0.000870175834838983,1.62453123060386E-07,2.63316723986277E-12,7.19701181792023E-13,9.51623321215608E-25,2.72096090942510E-16,-2.75706868442537E-25,sedih,,,,,
285,569,0.000802181685648618,2.04005818903952E-08,1.41694534113617E-12,1.19439857900455E-12,-1.25002647899793E-24,-8.01214485039040E-17,-9.22923458916694E-25,sedih,,,,,
286,570,0.000915184045177933,1.07079442342152E-07,9.74692607363372E-11,1.19334457408312E-12,1.06164237079941E-23,5.92419827091084E-17,7.27540805787721E-24,sedih,,,,,
287,571,0.001120019894312310,2.19531292439996E-08,3.64488076484635E-11,1.57213503118192E-11,-3.61762442866237E-22,-2.28471973321685E-15,-1.03716701134974E-22,sedih,,,,,
288,572,0.000870055396944654,9.50430530147981E-08,6.90117497658861E-11,9.42666650881269E-12,-2.30464733699346E-23,1.31866914602124E-15,2.39328493518138E-22,sedih,,,,,
289,573,0.000711094549606741,6.69898683846487E-10,1.42949132264029E-12,3.65216612131435E-13,1.94474288835135E-25,2.09635567814380E-18,1.78369378269068E-25,sedih,,,,,
290,574,0.000794454436508852,8.11495243580349E-09,6.65445462611956E-12,8.43935385681434E-13,5.45889355298258E-25,-4.66809989350935E-17,-1.92401175482137E-24,sedih,,,,,
291,581,0.001468995515803880,8.89269355696466E-07,4.48799488471373E-11,2.24104832796634E-11,5.05442633999249E-22,-1.75708385346239E-14,-4.99660952238721E-22,sedih,,,,,
292,582,0.001062747981076350,4.47155250818052E-08,3.35962645723403E-11,9.78323004211438E-12,1.64998810949068E-22,-9.56298188878181E-16,-6.50682438436460E-23,sedih,,,,,
293,583,0.001018283024403450,5.34922757929455E-09,3.10180790218125E-11,2.71355275862056E-11,7.76997049555647E-22,1.81686471222435E-15,-1.26666420983150E-22,sedih,,,,,
294,584,0.001039733545749930,1.46789356487502E-08,6.60473550175830E-11,3.56944236631352E-11,1.48412500132179E-21,3.29763557712225E-15,-8.95026795924276E-22,sedih,,,,,
295,589,0.000779364450647109,5.40294491959183E-09,6.35641412230685E-12,2.15502476298198E-12,7.81385091845835E-24,1.46412536878053E-16,1.60003676324304E-24,sedih,,,,,
296,590,0.000874907091254133,3.12017420886838E-08,2.79057242014676E-11,1.03627450576559E-11,2.57057229675000E-23,-1.61789063859331E-15,-1.74336540730422E-22,sedih,,,,,
297,591,0.000826608729969110,7.55351931406540E-09,5.17551630284317E-12,4.03213670393527E-13,4.66144203640037E-25,-2.05432562956145E-17,3.49271372332045E-25,sedih,,,,,
298,595,0.000822624967375518,1.16591034029339E-07,2.28098110554269E-11,4.92671707399420E-12,-4.51123611371516E-23,1.25047112373683E-15,2.63165729754913E-23,sedih,,,,,
299,596,0.000725855781198321,3.35866146092493E-09,1.10576618315396E-11,8.26329918411350E-13,-2.80327835585091E-25,-2.28841041352505E-18,-2.48204391797915E-24,sedih,,,,,
300,597,0.000702762272879156,7.15408365460442E-10,5.82502161226828E-14,3.83369585824807E-13,-1.92136997220729E-26,-8.68112155125213E-18,-5.39715101720254E-26,sedih,,,,,
301,598,0.000818304196967583,6.83167403151616E-09,1.54321655785161E-11,1.88371928875844E-12,6.16884335913400E-24,-4.26319970176160E-17,8.06826148549301E-24,bahagia,,,,,
302,603,0.000784090775986447,1.26919089036339E-08,2.03553023935310E-12,4.11083101704142E-13,2.16237296862427E-26,-3.24252887325016E-17,-3.75417044005844E-25,sedih,,,,,
303,604,0.000762287931802085,7.82857878990595E-09,2.21877468010548E-12,1.56150919735210E-12,8.74295055081347E-25,1.29220709581150E-16,-2.77190741961997E-24,sedih,,,,,
304,605,0.000820899492256575,4.67608286122137E-09,2.43975240356439E-11,1.12940818766911E-12,-3.17462024709073E-24,7.61733617834705E-17,-5.00695705462663E-24,sedih,,,,,
305,609,0.000666149662460140,8.28346838651404E-11,1.32142622265236E-13,1.93155489865399E-15,3.08588028170233E-29,1.56845980906506E-20,1.14149736128797E-31,sedih,,,,,
306,610,0.000850913450334123,7.25745945695908E-08,4.10161598751783E-13,5.62740582513692E-12,-2.21559717888143E-25,1.14172856967567E-17,8.54661164449848E-24,sedih,,,,,
307,611,0.000745202074828792,1.15290649748176E-09,5.94259759509527E-12,1.46275350558699E-13,-8.32250263075893E-26,-4.50643675322191E-18,1.08039818259437E-25,sedih,,,,,
308,612,0.000752232272882943,3.37879227029214E-09,9.00684552342550E-12,6.37303078625787E-13,-1.34571062001180E-24,3.55827350644349E-17,-7.21408735962922E-25,sedih,,,,,
309,613,0.000687257015120834,2.06490914667183E-09,2.05423922226794E-12,6.02509764284248E-14,1.84589411557775E-26,-1.32355714679527E-18,1.04199134204510E-26,sedih,,,,,
310,619,0.000848375636881245,2.43943524861449E-09,7.00419622823273E-12,2.89236621460980E-12,1.19270926411212E-23,1.14967114783124E-16,5.21769487868117E-24,sedih,,,,,
311,620,0.000941739925012596,4.20064642687803E-09,1.16714454688879E-11,1.71021103908162E-11,1.35830138745634E-22,1.38309073425507E-17,-1.99828610113225E-22,sedih,,,,,
312,621,0.000996843036145599,1.44622179299239E-08,2.98005601600378E-11,2.02531337257726E-11,3.05091877077079E-22,1.60516952435948E-15,-3.93053068474460E-22,sedih,,,,,
